Title,Authors,Abstract,Published,Category,PDF_Link,Link
A Deep Reinforcement Learning Approach for Ramp Metering Based on Traffic Video Data,"Bing Liu, Yu Tang, Yuxiong Ji, Yu Shen, Yuchuan Du","Ramp metering that uses traffic signals to regulate vehicle flows from the on-ramps has been widely implemented to improve vehicle mobility of the freeway. Previous studies generally update signal timings in real-time based on predefined traffic measures collected by point detectors, such as traffic volumes and occupancies. Comparing with point detectors, traffic cameras-which have been increasingly deployed on road networks-could cover larger areas and provide more detailed traffic information. In this work, we propose a deep reinforcement learning (DRL) method to explore the potential of traffic video data in improving the efficiency of ramp metering. The proposed method uses traffic video frames as inputs and learns the optimal control strategies directly from the high-dimensional visual inputs. A real-world case study demonstrates that, in comparison with a state-of-the-practice method, the proposed DRL method results in 1) lower travel times in the mainline, 2) shorter vehicle queues at the on-ramp, and 3) higher traffic flows downstream of the merging area. The results suggest that the proposed method is able to extract useful information from the video data for better ramp metering controls.",2020-12-09T05:08:41Z,cs.CV,https://arxiv.org/pdf/2012.12104v1,https://arxiv.org/abs/2012.12104v1
Rethink AI-based Power Grid Control: Diving Into Algorithm Design,"Xiren Zhou, Siqi Wang, Ruisheng Diao, Desong Bian, Jiahui Duan, Di Shi","Recently, deep reinforcement learning (DRL)-based approach has shown promisein solving complex decision and control problems in power engineering domain.In this paper, we present an in-depth analysis of DRL-based voltage control fromaspects of algorithm selection, state space representation, and reward engineering.To resolve observed issues, we propose a novel imitation learning-based approachto directly map power grid operating points to effective actions without any interimreinforcement learning process. The performance results demonstrate that theproposed approach has strong generalization ability with much less training time.The agent trained by imitation learning is effective and robust to solve voltagecontrol problem and outperforms the former RL agents.",2020-12-23T23:38:41Z,cs.AI,https://arxiv.org/pdf/2012.13026v1,https://arxiv.org/abs/2012.13026v1
Fuzzy Commitments Offer Insufficient Protection to Biometric Templates Produced by Deep Learning,"Danny Keller, Margarita Osadchy, Orr Dunkelman","In this work, we study the protection that fuzzy commitments offer when they are applied to facial images, processed by the state of the art deep learning facial recognition systems. We show that while these systems are capable of producing great accuracy, they produce templates of too little entropy. As a result, we present a reconstruction attack that takes a protected template, and reconstructs a facial image. The reconstructed facial images greatly resemble the original ones. In the simplest attack scenario, more than 78% of these reconstructed templates succeed in unlocking an account (when the system is configured to 0.1% FAR). Even in the ""hardest"" settings (in which we take a reconstructed image from one system and use it in a different system, with different feature extraction process) the reconstructed image offers 50 to 120 times higher success rates than the system's FAR.",2020-12-24T15:28:33Z,cs.CR,https://arxiv.org/pdf/2012.13293v1,https://arxiv.org/abs/2012.13293v1
Generalization in portfolio-based algorithm selection,"Maria-Florina Balcan, Tuomas Sandholm, Ellen Vitercik","Portfolio-based algorithm selection has seen tremendous practical success over the past two decades. This algorithm configuration procedure works by first selecting a portfolio of diverse algorithm parameter settings, and then, on a given problem instance, using an algorithm selector to choose a parameter setting from the portfolio with strong predicted performance. Oftentimes, both the portfolio and the algorithm selector are chosen using a training set of typical problem instances from the application domain at hand. In this paper, we provide the first provable guarantees for portfolio-based algorithm selection. We analyze how large the training set should be to ensure that the resulting algorithm selector's average performance over the training set is close to its future (expected) performance. This involves analyzing three key reasons why these two quantities may diverge: 1) the learning-theoretic complexity of the algorithm selector, 2) the size of the portfolio, and 3) the learning-theoretic complexity of the algorithm's performance as a function of its parameters. We introduce an end-to-end learning-theoretic analysis of the portfolio construction and algorithm selection together. We prove that if the portfolio is large, overfitting is inevitable, even with an extremely simple algorithm selector. With experiments, we illustrate a tradeoff exposed by our theoretical analysis: as we increase the portfolio size, we can hope to include a well-suited parameter setting for every possible problem instance, but it becomes impossible to avoid overfitting.",2020-12-24T16:33:17Z,cs.AI,https://arxiv.org/pdf/2012.13315v1,https://arxiv.org/abs/2012.13315v1
"I like fish, especially dolphins: Addressing Contradictions in Dialogue Modeling","Yixin Nie, Mary Williamson, Mohit Bansal, Douwe Kiela, Jason Weston","To quantify how well natural language understanding models can capture consistency in a general conversation, we introduce the DialoguE COntradiction DEtection task (DECODE) and a new conversational dataset containing both human-human and human-bot contradictory dialogues. We then compare a structured utterance-based approach of using pre-trained Transformer models for contradiction detection with the typical unstructured approach. Results reveal that: (i) our newly collected dataset is notably more effective at providing supervision for the dialogue contradiction detection task than existing NLI data including those aimed to cover the dialogue domain; (ii) the structured utterance-based approach is more robust and transferable on both analysis and out-of-distribution dialogues than its unstructured counterpart. We also show that our best contradiction detection model correlates well with human judgments and further provide evidence for its usage in both automatically evaluating and improving the consistency of state-of-the-art generative chatbots.",2020-12-24T18:47:49Z,cs.CL,https://arxiv.org/pdf/2012.13391v2,https://arxiv.org/abs/2012.13391v2
Skeleton-based Approaches based on Machine Vision: A Survey,"Jie Li, Binglin Li, Min Gao","Recently, skeleton-based approaches have achieved rapid progress on the basis of great success in skeleton representation. Plenty of researches focus on solving specific problems according to skeleton features. Some skeleton-based approaches have been mentioned in several overviews on object detection as a non-essential part. Nevertheless, there has not been any thorough analysis of skeleton-based approaches attentively. Instead of describing these techniques in terms of theoretical constructs, we devote to summarizing skeleton-based approaches with regard to application fields and given tasks as comprehensively as possible. This paper is conducive to further understanding of skeleton-based application and dealing with particular issues.",2020-12-23T02:03:37Z,cs.CV,https://arxiv.org/pdf/2012.12447v1,https://arxiv.org/abs/2012.12447v1
Overview of FPGA deep learning acceleration based on convolutional neural network,Simin Liu,"In recent years, deep learning has become more and more mature, and as a commonly used algorithm in deep learning, convolutional neural networks have been widely used in various visual tasks. In the past, research based on deep learning algorithms mainly relied on hardware such as GPUs and CPUs. However, with the increasing development of FPGAs, both field programmable logic gate arrays, it has become the main implementation hardware platform that combines various neural network deep learning algorithms This article is a review article, which mainly introduces the related theories and algorithms of convolution. It summarizes the application scenarios of several existing FPGA technologies based on convolutional neural networks, and mainly introduces the application of accelerators. At the same time, it summarizes some accelerators' under-utilization of logic resources or under-utilization of memory bandwidth, so that they can't get the best performance.",2020-12-23T12:44:24Z,cs.AI,https://arxiv.org/pdf/2012.12634v1,https://arxiv.org/abs/2012.12634v1
Modelling Human Routines: Conceptualising Social Practice Theory for Agent-Based Simulation,"Rijk Mercuur, Virginia Dignum, Catholijn M. Jonker","Our routines play an important role in a wide range of social challenges such as climate change, disease outbreaks and coordinating staff and patients in a hospital. To use agent-based simulations (ABS) to understand the role of routines in social challenges we need an agent framework that integrates routines. This paper provides the domain-independent Social Practice Agent (SoPrA) framework that satisfies requirements from the literature to simulate our routines. By choosing the appropriate concepts from the literature on agent theory, social psychology and social practice theory we ensure SoPrA correctly depicts current evidence on routines. By creating a consistent, modular and parsimonious framework suitable for multiple domains we enhance the usability of SoPrA. SoPrA provides ABS researchers with a conceptual, formal and computational framework to simulate routines and gain new insights into social systems.",2020-12-22T10:06:47Z,cs.MA,https://arxiv.org/pdf/2012.11903v1,https://arxiv.org/abs/2012.11903v1
Dynamic-K Recommendation with Personalized Decision Boundary,"Yan Gao, Jiafeng Guo, Yanyan Lan, Huaming Liao","In this paper, we investigate the recommendation task in the most common scenario with implicit feedback (e.g., clicks, purchases). State-of-the-art methods in this direction usually cast the problem as to learn a personalized ranking on a set of items (e.g., webpages, products). The top-N results are then provided to users as recommendations, where the N is usually a fixed number pre-defined by the system according to some heuristic criteria (e.g., page size, screen size). There is one major assumption underlying this fixed-number recommendation scheme, i.e., there are always sufficient relevant items to users' preferences. Unfortunately, this assumption may not always hold in real-world scenarios. In some applications, there might be very limited candidate items to recommend, and some users may have very high relevance requirement in recommendation. In this way, even the top-1 ranked item may not be relevant to a user's preference. Therefore, we argue that it is critical to provide a dynamic-K recommendation, where the K should be different with respect to the candidate item set and the target user. We formulate this dynamic-K recommendation task as a joint learning problem with both ranking and classification objectives. The ranking objective is the same as existing methods, i.e., to create a ranking list of items according to users' interests. The classification objective is unique in this work, which aims to learn a personalized decision boundary to differentiate the relevant items from irrelevant items. Based on these ideas, we extend two state-of-the-art ranking-based recommendation methods, i.e., BPRMF and HRM, to the corresponding dynamic-K versions, namely DK-BPRMF and DK-HRM. Our experimental results on two datasets show that the dynamic-K models are more effective than the original fixed-N recommendation methods.",2020-12-25T13:02:57Z,cs.IR,https://arxiv.org/pdf/2012.13569v1,https://arxiv.org/abs/2012.13569v1
Compliance Generation for Privacy Documents under GDPR: A Roadmap for Implementing Automation and Machine Learning,"David Restrepo Amariles, Aurore Clément Troussel, Rajaa El Hamdani","Most prominent research today addresses compliance with data protection laws through consumer-centric and public-regulatory approaches. We shift this perspective with the Privatech project to focus on corporations and law firms as agents of compliance. To comply with data protection laws, data processors must implement accountability measures to assess and document compliance in relation to both privacy documents and privacy practices. In this paper, we survey, on the one hand, current research on GDPR automation, and on the other hand, the operational challenges corporations face to comply with GDPR, and that may benefit from new forms of automation. We attempt to bridge the gap. We provide a roadmap for compliance assessment and generation by identifying compliance issues, breaking them down into tasks that can be addressed through machine learning and automation, and providing notes about related developments in the Privatech project.",2020-12-23T14:46:51Z,cs.AI,https://arxiv.org/pdf/2012.12718v1,https://arxiv.org/abs/2012.12718v1
PaXNet: Dental Caries Detection in Panoramic X-ray using Ensemble Transfer Learning and Capsule Classifier,"Arman Haghanifar, Mahdiyar Molahasani Majdabadi, Seok-Bum Ko","Dental caries is one of the most chronic diseases involving the majority of the population during their lifetime. Caries lesions are typically diagnosed by radiologists relying only on their visual inspection to detect via dental x-rays. In many cases, dental caries is hard to identify using x-rays and can be misinterpreted as shadows due to different reasons such as low image quality. Hence, developing a decision support system for caries detection has been a topic of interest in recent years. Here, we propose an automatic diagnosis system to detect dental caries in Panoramic images for the first time, to the best of authors' knowledge. The proposed model benefits from various pretrained deep learning models through transfer learning to extract relevant features from x-rays and uses a capsule network to draw prediction results. On a dataset of 470 Panoramic images used for features extraction, including 240 labeled images for classification, our model achieved an accuracy score of 86.05\% on the test set. The obtained score demonstrates acceptable detection performance and an increase in caries detection speed, as long as the challenges of using Panoramic x-rays of real patients are taken into account. Among images with caries lesions in the test set, our model acquired recall scores of 69.44\% and 90.52\% for mild and severe ones, confirming the fact that severe caries spots are more straightforward to detect and efficient mild caries detection needs a more robust and larger dataset. Considering the novelty of current research study as using Panoramic images, this work is a step towards developing a fully automated efficient decision support system to assist domain experts.",2020-12-26T03:00:35Z,cs.CV,https://arxiv.org/pdf/2012.13666v1,https://arxiv.org/abs/2012.13666v1
Toward Compact Data from Big Data,"Song-Kyoo, Kim",Bigdata is a dataset of which size is beyond the ability of handling a valuable raw material that can be refined and distilled into valuable specific insights. Compact data is a method that optimizes the big dataset that gives best assets without handling complex bigdata. The compact dataset contains the maximum knowledge patterns at fine grained level for effective and personalized utilization of bigdata systems without bigdata. The compact data method is a tailor-made design which depends on problem situations. Various compact data techniques have been demonstrated into various data-driven research area in the paper.,2020-12-26T04:45:40Z,cs.DB,https://arxiv.org/pdf/2012.13677v1,https://arxiv.org/abs/2012.13677v1
Towards sample-efficient episodic control with DAC-ML,"Ismael T. Freire, Adrián F. Amil, Vasiliki Vouloutsi, Paul F. M. J. Verschure","The sample-inefficiency problem in Artificial Intelligence refers to the inability of current Deep Reinforcement Learning models to optimize action policies within a small number of episodes. Recent studies have tried to overcome this limitation by adding memory systems and architectural biases to improve learning speed, such as in Episodic Reinforcement Learning. However, despite achieving incremental improvements, their performance is still not comparable to how humans learn behavioral policies. In this paper, we capitalize on the design principles of the Distributed Adaptive Control (DAC) theory of mind and brain to build a novel cognitive architecture (DAC-ML) that, by incorporating a hippocampus-inspired sequential memory system, can rapidly converge to effective action policies that maximize reward acquisition in a challenging foraging task.",2020-12-26T16:38:08Z,cs.AI,https://arxiv.org/pdf/2012.13779v1,https://arxiv.org/abs/2012.13779v1
Neural document expansion for ad-hoc information retrieval,"Cheng Tang, Andrew Arnold","Recently, Nogueira et al. [2019] proposed a new approach to document expansion based on a neural Seq2Seq model, showing significant improvement on short text retrieval task. However, this approach needs a large amount of in-domain training data. In this paper, we show that this neural document expansion approach can be effectively adapted to standard IR tasks, where labels are scarce and many long documents are present.",2020-12-27T20:00:08Z,cs.IR,https://arxiv.org/pdf/2012.14005v1,https://arxiv.org/abs/2012.14005v1
Devil is in the Edges: Learning Semantic Boundaries from Noisy Annotations,"David Acuna, Amlan Kar, Sanja Fidler","We tackle the problem of semantic boundary prediction, which aims to identify pixels that belong to object(class) boundaries. We notice that relevant datasets consist of a significant level of label noise, reflecting the fact that precise annotations are laborious to get and thus annotators trade-off quality with efficiency. We aim to learn sharp and precise semantic boundaries by explicitly reasoning about annotation noise during training. We propose a simple new layer and loss that can be used with existing learning-based boundary detectors. Our layer/loss enforces the detector to predict a maximum response along the normal direction at an edge, while also regularizing its direction. We further reason about true object boundaries during training using a level set formulation, which allows the network to learn from misaligned labels in an end-to-end fashion. Experiments show that we improve over the CASENet backbone network by more than 4% in terms of MF(ODS) and 18.61% in terms of AP, outperforming all current state-of-the-art methods including those that deal with alignment. Furthermore, we show that our learned network can be used to significantly improve coarse segmentation labels, lending itself as an efficient way to label new data.",2019-04-16T19:16:57Z,cs.CV,https://arxiv.org/pdf/1904.07934v2,https://arxiv.org/abs/1904.07934v2
How to define co-occurrence in different domains of study?,Mathieu Roche,"This position paper presents a comparative study of co-occurrences. Some similarities and differences in the definition exist depending on the research domain (e.g. linguistics, NLP, computer science). This paper discusses these points, and deals with the methodological aspects in order to identify co-occurrences in a multidisciplinary paradigm.",2019-04-16T23:16:56Z,cs.IR,https://arxiv.org/pdf/1904.08010v1,https://arxiv.org/abs/1904.08010v1
Decision Making with Machine Learning and ROC Curves,"Kai Feng, Han Hong, Ke Tang, Jingyuan Wang",The Receiver Operating Characteristic (ROC) curve is a representation of the statistical information discovered in binary classification problems and is a key concept in machine learning and data science. This paper studies the statistical properties of ROC curves and its implication on model selection. We analyze the implications of different models of incentive heterogeneity and information asymmetry on the relation between human decisions and the ROC curves. Our theoretical discussion is illustrated in the context of a large data set of pregnancy outcomes and doctor diagnosis from the Pre-Pregnancy Checkups of reproductive age couples in Henan Province provided by the Chinese Ministry of Health.,2019-05-05T08:01:23Z,stat.ME,https://arxiv.org/pdf/1905.02810v1,https://arxiv.org/abs/1905.02810v1
Feature Selection and Feature Extraction in Pattern Analysis: A Literature Review,"Benyamin Ghojogh, Maria N. Samad, Sayema Asif Mashhadi, Tania Kapoor, Wahab Ali, Fakhri Karray, Mark Crowley","Pattern analysis often requires a pre-processing stage for extracting or selecting features in order to help the classification, prediction, or clustering stage discriminate or represent the data in a better way. The reason for this requirement is that the raw data are complex and difficult to process without extracting or selecting appropriate features beforehand. This paper reviews theory and motivation of different common methods of feature selection and extraction and introduces some of their applications. Some numerical implementations are also shown for these methods. Finally, the methods in feature selection and extraction are compared.",2019-05-07T23:41:34Z,cs.LG,https://arxiv.org/pdf/1905.02845v1,https://arxiv.org/abs/1905.02845v1
AI-Powered Text Generation for Harmonious Human-Machine Interaction: Current State and Future Directions,"Qiuyun Zhang, Bin Guo, Hao Wang, Yunji Liang, Shaoyang Hao, Zhiwen Yu","In the last two decades, the landscape of text generation has undergone tremendous changes and is being reshaped by the success of deep learning. New technologies for text generation ranging from template-based methods to neural network-based methods emerged. Meanwhile, the research objectives have also changed from generating smooth and coherent sentences to infusing personalized traits to enrich the diversification of newly generated content. With the rapid development of text generation solutions, one comprehensive survey is urgent to summarize the achievements and track the state of the arts. In this survey paper, we present the general systematical framework, illustrate the widely utilized models and summarize the classic applications of text generation.",2019-05-01T23:26:38Z,cs.CL,https://arxiv.org/pdf/1905.01984v1,https://arxiv.org/abs/1905.01984v1
Conditioning LSTM Decoder and Bi-directional Attention Based Question Answering System,Heguang Liu,"Applying neural-networks on Question Answering has gained increasing popularity in recent years. In this paper, I implemented a model with Bi-directional attention flow layer, connected with a Multi-layer LSTM encoder, connected with one start-index decoder and one conditioning end-index decoder. I introduce a new end-index decoder layer, conditioning on start-index output. The Experiment shows this has increased model performance by 15.16%. For prediction, I proposed a new smart-span equation, rewarding both short answer length and high probability in start-index and end-index, which further improved the prediction accuracy. The best single model achieves an F1 score of 73.97% and EM score of 64.95% on test set.",2019-05-02T01:07:20Z,cs.CL,https://arxiv.org/pdf/1905.02019v1,https://arxiv.org/abs/1905.02019v1
2-bit Model Compression of Deep Convolutional Neural Network on ASIC Engine for Image Retrieval,"Bin Yang, Lin Yang, Xiaochun Li, Wenhan Zhang, Hua Zhou, Yequn Zhang, Yongxiong Ren, Yinbo Shi","Image retrieval utilizes image descriptors to retrieve the most similar images to a given query image. Convolutional neural network (CNN) is becoming the dominant approach to extract image descriptors for image retrieval. For low-power hardware implementation of image retrieval, the drawback of CNN-based feature descriptor is that it requires hundreds of megabytes of storage. To address this problem, this paper applies deep model quantization and compression to CNN in ASIC chip for image retrieval. It is demonstrated that the CNN-based features descriptor can be extracted using as few as 2-bit weights quantization to deliver a similar performance as floating-point model for image retrieval. In addition, to implement CNN in ASIC, especially for large scale images, the limited buffer size of chips should be considered. To retrieve large scale images, we propose an improved pooling strategy, region nested invariance pooling (RNIP), which uses cropped sub-images for CNN. Testing results on chip show that integrating RNIP with the proposed 2-bit CNN model compression approach is capable of retrieving large scale images.",2019-05-08T21:48:42Z,cs.AI,https://arxiv.org/pdf/1905.03362v1,https://arxiv.org/abs/1905.03362v1
Variable Neighborhood Search for the Bin Packing Problem with Compatible Categories,"Luiz F. O. Moura Santos, Hugo T. Y. Yoshizaki, Claudio B. Cunha","Bin Packing with Conflicts (BPC) are problems in which items with compatibility constraints must be packed in the least number of bins, not exceeding the capacity of the bins and ensuring that non-conflicting items are packed in each bin. In this work, we introduce the Bin Packing Problem with Compatible Categories (BPCC), a variant of the BPC in which items belong to conflicting or compatible categories, in opposition to the item-by-item incompatibility found in previous literature. It is a common problem in the context of last mile distribution to nanostores located in densely populated areas. To efficiently solve real-life sized instances of the problem, we propose a Variable Neighborhood Search (VNS) metaheuristic algorithm. Computational experiments suggest that the algorithm yields good solutions in very short times while compared to linear integer programming running on a high-performance computing environment.",2019-05-09T03:14:15Z,cs.DS,https://arxiv.org/pdf/1905.03427v1,https://arxiv.org/abs/1905.03427v1
Robust Federated Training via Collaborative Machine Teaching using Trusted Instances,"Yufei Han, Xiangliang Zhang","Federated learning performs distributed model training using local data hosted by agents. It shares only model parameter updates for iterative aggregation at the server. Although it is privacy-preserving by design, federated learning is vulnerable to noise corruption of local agents, as demonstrated in the previous study on adversarial data poisoning threat against federated learning systems. Even a single noise-corrupted agent can bias the model training. In our work, we propose a collaborative and privacy-preserving machine teaching paradigm with multiple distributed teachers, to improve robustness of the federated training process against local data corruption. We assume that each local agent (teacher) have the resources to verify a small portions of trusted instances, which may not by itself be adequate for learning. In the proposed collaborative machine teaching method, these trusted instances guide the distributed agents to jointly select a compact while informative training subset from data hosted by their own. Simultaneously, the agents learn to add changes of limited magnitudes into the selected data instances, in order to improve the testing performances of the federally trained model despite of the training data corruption. Experiments on toy and real data demonstrate that our approach can identify training set bugs effectively and suggest appropriate changes to the labels. Our algorithm is a step toward trustworthy machine learning.",2019-05-08T07:27:04Z,cs.LG,https://arxiv.org/pdf/1905.02941v1,https://arxiv.org/abs/1905.02941v1
Image Matters: Scalable Detection of Offensive and Non-Compliant Content / Logo in Product Images,"Shreyansh Gandhi, Samrat Kokkula, Abon Chaudhuri, Alessandro Magnani, Theban Stanley, Behzad Ahmadi, Venkatesh Kandaswamy, Omer Ovenc, Shie Mannor","In e-commerce, product content, especially product images have a significant influence on a customer's journey from product discovery to evaluation and finally, purchase decision. Since many e-commerce retailers sell items from other third-party marketplace sellers besides their own, the content published by both internal and external content creators needs to be monitored and enriched, wherever possible. Despite guidelines and warnings, product listings that contain offensive and non-compliant images continue to enter catalogs. Offensive and non-compliant content can include a wide range of objects, logos, and banners conveying violent, sexually explicit, racist, or promotional messages. Such images can severely damage the customer experience, lead to legal issues, and erode the company brand. In this paper, we present a computer vision driven offensive and non-compliant image detection system for extremely large image datasets. This paper delves into the unique challenges of applying deep learning to real-world product image data from retail world. We demonstrate how we resolve a number of technical challenges such as lack of training data, severe class imbalance, fine-grained class definitions etc. using a number of practical yet unique technical strategies. Our system combines state-of-the-art image classification and object detection techniques with budgeted crowdsourcing to develop a solution customized for a massive, diverse, and constantly evolving product catalog.",2019-05-06T18:35:28Z,cs.CV,https://arxiv.org/pdf/1905.02234v2,https://arxiv.org/abs/1905.02234v2
ARCHANGEL: Tamper-proofing Video Archives using Temporal Content Hashes on the Blockchain,"Tu Bui, Daniel Cooper, John Collomosse, Mark Bell, Alex Green, John Sheridan, Jez Higgins, Arindra Das, Jared Keller, Olivier Thereaux, Alan Brown","We present ARCHANGEL; a novel distributed ledger based system for assuring the long-term integrity of digital video archives. First, we describe a novel deep network architecture for computing compact temporal content hashes (TCHs) from audio-visual streams with durations of minutes or hours. Our TCHs are sensitive to accidental or malicious content modification (tampering) but invariant to the codec used to encode the video. This is necessary due to the curatorial requirement for archives to format shift video over time to ensure future accessibility. Second, we describe how the TCHs (and the models used to derive them) are secured via a proof-of-authority blockchain distributed across multiple independent archives. We report on the efficacy of ARCHANGEL within the context of a trial deployment in which the national government archives of the United Kingdom, Estonia and Norway participated.",2019-04-26T21:59:02Z,cs.CV,https://arxiv.org/pdf/1904.12059v1,https://arxiv.org/abs/1904.12059v1
Semantic Referee: A Neural-Symbolic Framework for Enhancing Geospatial Semantic Segmentation,"Marjan Alirezaie, Martin Längkvist, Michael Sioutis, Amy Loutfi","Understanding why machine learning algorithms may fail is usually the task of the human expert that uses domain knowledge and contextual information to discover systematic shortcomings in either the data or the algorithm. In this paper, we propose a semantic referee, which is able to extract qualitative features of the errors emerging from deep machine learning frameworks and suggest corrections. The semantic referee relies on ontological reasoning about spatial knowledge in order to characterize errors in terms of their spatial relations with the environment. Using semantics, the reasoner interacts with the learning algorithm as a supervisor. In this paper, the proposed method of the interaction between a neural network classifier and a semantic referee shows how to improve the performance of semantic segmentation for satellite imagery data.",2019-04-30T12:44:22Z,cs.AI,https://arxiv.org/pdf/1904.13196v1,https://arxiv.org/abs/1904.13196v1
Relation-Shape Convolutional Neural Network for Point Cloud Analysis,"Yongcheng Liu, Bin Fan, Shiming Xiang, Chunhong Pan","Point cloud analysis is very challenging, as the shape implied in irregular points is difficult to capture. In this paper, we propose RS-CNN, namely, Relation-Shape Convolutional Neural Network, which extends regular grid CNN to irregular configuration for point cloud analysis. The key to RS-CNN is learning from relation, i.e., the geometric topology constraint among points. Specifically, the convolutional weight for local point set is forced to learn a high-level relation expression from predefined geometric priors, between a sampled point from this point set and the others. In this way, an inductive local representation with explicit reasoning about the spatial layout of points can be obtained, which leads to much shape awareness and robustness. With this convolution as a basic operator, RS-CNN, a hierarchical architecture can be developed to achieve contextual shape-aware learning for point cloud analysis. Extensive experiments on challenging benchmarks across three tasks verify RS-CNN achieves the state of the arts.",2019-04-16T11:28:51Z,cs.CV,https://arxiv.org/pdf/1904.07601v3,https://arxiv.org/abs/1904.07601v3
Contextual Aware Joint Probability Model Towards Question Answering System,"Liu Yang, Lijing Song","In this paper, we address the question answering challenge with the SQuAD 2.0 dataset. We design a model architecture which leverages BERT's capability of context-aware word embeddings and BiDAF's context interactive exploration mechanism. By integrating these two state-of-the-art architectures, our system tries to extract the contextual word representation at word and character levels, for better comprehension of both question and context and their correlations. We also propose our original joint posterior probability predictor module and its associated loss functions. Our best model so far obtains F1 score of 75.842% and EM score of 72.24% on the test PCE leaderboad.",2019-04-17T07:16:10Z,cs.CL,https://arxiv.org/pdf/1904.08109v1,https://arxiv.org/abs/1904.08109v1
Bayesian policy selection using active inference,"Ozan Çatal, Johannes Nauta, Tim Verbelen, Pieter Simoens, Bart Dhoedt","Learning to take actions based on observations is a core requirement for artificial agents to be able to be successful and robust at their task. Reinforcement Learning (RL) is a well-known technique for learning such policies. However, current RL algorithms often have to deal with reward shaping, have difficulties generalizing to other environments and are most often sample inefficient. In this paper, we explore active inference and the free energy principle, a normative theory from neuroscience that explains how self-organizing biological systems operate by maintaining a model of the world and casting action selection as an inference problem. We apply this concept to a typical problem known to the RL community, the mountain car problem, and show how active inference encompasses both RL and learning from demonstrations.",2019-04-17T09:18:07Z,cs.LG,https://arxiv.org/pdf/1904.08149v2,https://arxiv.org/abs/1904.08149v2
Downhole Track Detection via Multiscale Conditional Generative Adversarial Nets,"Jia Li, Xing Wei, Guoqiang Yang, Xiao Sun, Changliang Li","Frequent mine disasters cause a large number of casualties and property losses. Autonomous driving is a fundamental measure for solving this problem, and track detection is one of the key technologies for computer vision to achieve downhole automatic driving. The track detection result based on the traditional convolutional neural network (CNN) algorithm lacks the detailed and unique description of the object and relies too much on visual postprocessing technology. Therefore, this paper proposes a track detection algorithm based on a multiscale conditional generative adversarial network (CGAN). The generator is decomposed into global and local parts using a multigranularity structure in the generator network. A multiscale shared convolution structure is adopted in the discriminator network to further supervise training the generator. Finally, the Monte Carlo search technique is introduced to search the intermediate state of the generator, and the result is sent to the discriminator for comparison. Compared with the existing work, our model achieved 82.43\% pixel accuracy and an average intersection-over-union (IOU) of 0.6218, and the detection of the track reached 95.01\% accuracy in the downhole roadway scene test set.",2019-04-17T10:50:37Z,cs.CV,https://arxiv.org/pdf/1904.08177v1,https://arxiv.org/abs/1904.08177v1
Exploration of Self-Propelling Droplets Using a Curiosity Driven Robotic Assistant,"Jonathan Grizou, Laurie J. Points, Abhishek Sharma, Leroy Cronin","We describe a chemical robotic assistant equipped with a curiosity algorithm (CA) that can efficiently explore the state a complex chemical system can exhibit. The CA-robot is designed to explore formulations in an open-ended way with no explicit optimization target. By applying the CA-robot to the study of self-propelling multicomponent oil-in-water droplets, we are able to observe an order of magnitude more variety of droplet behaviours than possible with a random parameter search and given the same budget. We demonstrate that the CA-robot enabled the discovery of a sudden and highly specific response of droplets to slight temperature changes. Six modes of self-propelled droplets motion were identified and classified using a time-temperature phase diagram and probed using a variety of techniques including NMR. This work illustrates how target free search can significantly increase the rate of unpredictable observations leading to new discoveries with potential applications in formulation chemistry.",2019-04-22T22:17:34Z,cond-mat.soft,https://arxiv.org/pdf/1904.12635v1,https://arxiv.org/abs/1904.12635v1
Unsupervised Data Augmentation for Consistency Training,"Qizhe Xie, Zihang Dai, Eduard Hovy, Minh-Thang Luong, Quoc V. Le","Semi-supervised learning lately has shown much promise in improving deep learning models when labeled data is scarce. Common among recent approaches is the use of consistency training on a large amount of unlabeled data to constrain model predictions to be invariant to input noise. In this work, we present a new perspective on how to effectively noise unlabeled examples and argue that the quality of noising, specifically those produced by advanced data augmentation methods, plays a crucial role in semi-supervised learning. By substituting simple noising operations with advanced data augmentation methods such as RandAugment and back-translation, our method brings substantial improvements across six language and three vision tasks under the same consistency training framework. On the IMDb text classification dataset, with only 20 labeled examples, our method achieves an error rate of 4.20, outperforming the state-of-the-art model trained on 25,000 labeled examples. On a standard semi-supervised learning benchmark, CIFAR-10, our method outperforms all previous approaches and achieves an error rate of 5.43 with only 250 examples. Our method also combines well with transfer learning, e.g., when finetuning from BERT, and yields improvements in high-data regime, such as ImageNet, whether when there is only 10% labeled data or when a full labeled set with 1.3M extra unlabeled examples is used. Code is available at https://github.com/google-research/uda.",2019-04-29T17:56:59Z,cs.LG,https://arxiv.org/pdf/1904.12848v6,https://arxiv.org/abs/1904.12848v6
Challenges of Real-World Reinforcement Learning,"Gabriel Dulac-Arnold, Daniel Mankowitz, Todd Hester","Reinforcement learning (RL) has proven its worth in a series of artificial domains, and is beginning to show some successes in real-world scenarios. However, much of the research advances in RL are often hard to leverage in real-world systems due to a series of assumptions that are rarely satisfied in practice. We present a set of nine unique challenges that must be addressed to productionize RL to real world problems. For each of these challenges, we specify the exact meaning of the challenge, present some approaches from the literature, and specify some metrics for evaluating that challenge. An approach that addresses all nine challenges would be applicable to a large number of real world problems. We also present an example domain that has been modified to present these challenges as a testbed for practical RL research.",2019-04-29T18:40:15Z,cs.LG,https://arxiv.org/pdf/1904.12901v1,https://arxiv.org/abs/1904.12901v1
Coevo: a collaborative design platform with artificial agents,"Gerard Serra, David Miralles","We present Coevo, an online platform that allows both humans and artificial agents to design shapes that solve different tasks. Our goal is to explore common shared design tools that can be used by humans and artificial agents in a context of creation. This approach can provide a better knowledge transfer and interaction with artificial agents since a common language of design is defined. In this paper, we outline the main components of this platform and discuss the definition of a human-centered language to enhance human-AI collaboration in co-creation scenarios.",2019-04-30T15:55:34Z,cs.HC,https://arxiv.org/pdf/1904.13333v1,https://arxiv.org/abs/1904.13333v1
GazeCorrection:Self-Guided Eye Manipulation in the wild using Self-Supervised Generative Adversarial Networks,"Jichao Zhang, Meng Sun, Jingjing Chen, Hao Tang, Yan Yan, Xueying Qin, Nicu Sebe","Gaze correction aims to redirect the person's gaze into the camera by manipulating the eye region, and it can be considered as a specific image resynthesis problem. Gaze correction has a wide range of applications in real life, such as taking a picture with staring at the camera. In this paper, we propose a novel method that is based on the inpainting model to learn from the face image to fill in the missing eye regions with new contents representing corrected eye gaze. Moreover, our model does not require the training dataset labeled with the specific head pose and eye angle information, thus, the training data is easy to collect. To retain the identity information of the eye region in the original input, we propose a self-guided pretrained model to learn the angle-invariance feature. Experiments show our model achieves very compelling gaze-corrected results in the wild dataset which is collected from the website and will be introduced in details. Code is available at https://github.com/zhangqianhui/GazeCorrection.",2019-06-03T13:43:01Z,cs.CV,https://arxiv.org/pdf/1906.00805v1,https://arxiv.org/abs/1906.00805v1
From Words to Sentences: A Progressive Learning Approach for Zero-resource Machine Translation with Visual Pivots,"Shizhe Chen, Qin Jin, Jianlong Fu","The neural machine translation model has suffered from the lack of large-scale parallel corpora. In contrast, we humans can learn multi-lingual translations even without parallel texts by referring our languages to the external world. To mimic such human learning behavior, we employ images as pivots to enable zero-resource translation learning. However, a picture tells a thousand words, which makes multi-lingual sentences pivoted by the same image noisy as mutual translations and thus hinders the translation model learning. In this work, we propose a progressive learning approach for image-pivoted zero-resource machine translation. Since words are less diverse when grounded in the image, we first learn word-level translation with image pivots, and then progress to learn the sentence-level translation by utilizing the learned word translation to suppress noises in image-pivoted multi-lingual sentences. Experimental results on two widely used image-pivot translation datasets, IAPR-TC12 and Multi30k, show that the proposed approach significantly outperforms other state-of-the-art methods.",2019-06-03T15:28:48Z,cs.CL,https://arxiv.org/pdf/1906.00872v1,https://arxiv.org/abs/1906.00872v1
Neural networks grown and self-organized by noise,"Guruprasad Raghavan, Matt Thomson","Living neural networks emerge through a process of growth and self-organization that begins with a single cell and results in a brain, an organized and functional computational device. Artificial neural networks, however, rely on human-designed, hand-programmed architectures for their remarkable performance. Can we develop artificial computational devices that can grow and self-organize without human intervention? In this paper, we propose a biologically inspired developmental algorithm that can 'grow' a functional, layered neural network from a single initial cell. The algorithm organizes inter-layer connections to construct a convolutional pooling layer, a key constituent of convolutional neural networks (CNN's). Our approach is inspired by the mechanisms employed by the early visual system to wire the retina to the lateral geniculate nucleus (LGN), days before animals open their eyes. The key ingredients for robust self-organization are an emergent spontaneous spatiotemporal activity wave in the first layer and a local learning rule in the second layer that 'learns' the underlying activity pattern in the first layer. The algorithm is adaptable to a wide-range of input-layer geometries, robust to malfunctioning units in the first layer, and so can be used to successfully grow and self-organize pooling architectures of different pool-sizes and shapes. The algorithm provides a primitive procedure for constructing layered neural networks through growth and self-organization. Broadly, our work shows that biologically inspired developmental algorithms can be applied to autonomously grow functional 'brains' in-silico.",2019-06-03T19:33:39Z,cs.NE,https://arxiv.org/pdf/1906.01039v1,https://arxiv.org/abs/1906.01039v1
Analysis and Improvement of Adversarial Training in DQN Agents With Adversarially-Guided Exploration (AGE),"Vahid Behzadan, William Hsu","This paper investigates the effectiveness of adversarial training in enhancing the robustness of Deep Q-Network (DQN) policies to state-space perturbations. We first present a formal analysis of adversarial training in DQN agents and its performance with respect to the proportion of adversarial perturbations to nominal observations used for training. Next, we consider the sample-inefficiency of current adversarial training techniques, and propose a novel Adversarially-Guided Exploration (AGE) mechanism based on a modified hybrid of the $ε$-greedy algorithm and Boltzmann exploration. We verify the feasibility of this exploration mechanism through experimental evaluation of its performance in comparison with the traditional decaying $ε$-greedy and parameter-space noise exploration algorithms.",2019-06-03T23:31:25Z,cs.LG,https://arxiv.org/pdf/1906.01119v1,https://arxiv.org/abs/1906.01119v1
Adversarial Exploitation of Policy Imitation,"Vahid Behzadan, William Hsu","This paper investigates a class of attacks targeting the confidentiality aspect of security in Deep Reinforcement Learning (DRL) policies. Recent research have established the vulnerability of supervised machine learning models (e.g., classifiers) to model extraction attacks. Such attacks leverage the loosely-restricted ability of the attacker to iteratively query the model for labels, thereby allowing for the forging of a labeled dataset which can be used to train a replica of the original model. In this work, we demonstrate the feasibility of exploiting imitation learning techniques in launching model extraction attacks on DRL agents. Furthermore, we develop proof-of-concept attacks that leverage such techniques for black-box attacks against the integrity of DRL policies. We also present a discussion on potential solution concepts for mitigation techniques.",2019-06-03T23:38:33Z,cs.LG,https://arxiv.org/pdf/1906.01121v1,https://arxiv.org/abs/1906.01121v1
Sequential Triggers for Watermarking of Deep Reinforcement Learning Policies,"Vahid Behzadan, William Hsu","This paper proposes a novel scheme for the watermarking of Deep Reinforcement Learning (DRL) policies. This scheme provides a mechanism for the integration of a unique identifier within the policy in the form of its response to a designated sequence of state transitions, while incurring minimal impact on the nominal performance of the policy. The applications of this watermarking scheme include detection of unauthorized replications of proprietary policies, as well as enabling the graceful interruption or termination of DRL activities by authorized entities. We demonstrate the feasibility of our proposal via experimental evaluation of watermarking a DQN policy trained in the Cartpole environment.",2019-06-03T23:42:44Z,cs.LG,https://arxiv.org/pdf/1906.01126v1,https://arxiv.org/abs/1906.01126v1
Rapidly-Exploring Quotient-Space Trees: Motion Planning using Sequential Simplifications,"Andreas Orthey, Marc Toussaint","Motion planning problems can be simplified by admissible projections of the configuration space to sequences of lower-dimensional quotient-spaces, called sequential simplifications. To exploit sequential simplifications, we present the Quotient-space Rapidly-exploring Random Trees (QRRT) algorithm. QRRT takes as input a start and a goal configuration, and a sequence of quotient-spaces. The algorithm grows trees on the quotient-spaces both sequentially and simultaneously to guarantee a dense coverage. QRRT is shown to be (1) probabilistically complete, and (2) can reduce the runtime by at least one order of magnitude. However, we show in experiments that the runtime varies substantially between different quotient-space sequences. To find out why, we perform an additional experiment, showing that the more narrow an environment, the more a quotient-space sequence can reduce runtime.",2019-06-04T11:23:38Z,cs.RO,https://arxiv.org/pdf/1906.01350v2,https://arxiv.org/abs/1906.01350v2
Autonomous Reinforcement Learning of Multiple Interrelated Tasks,"Vieri Giuliano Santucci, Gianluca Baldassarre, Emilio Cartoni","Autonomous multiple tasks learning is a fundamental capability to develop versatile artificial agents that can act in complex environments. In real-world scenarios, tasks may be interrelated (or ""hierarchical"") so that a robot has to first learn to achieve some of them to set the preconditions for learning other ones. Even though different strategies have been used in robotics to tackle the acquisition of interrelated tasks, in particular within the developmental robotics framework, autonomous learning in this kind of scenarios is still an open question. Building on previous research in the framework of intrinsically motivated open-ended learning, in this work we describe how this question can be addressed working on the level of task selection, in particular considering the multiple interrelated tasks scenario as an MDP where the system is trying to maximise its competence over all the tasks.",2019-06-04T12:30:04Z,cs.LG,https://arxiv.org/pdf/1906.01374v1,https://arxiv.org/abs/1906.01374v1
Hierarchical Decision Making by Generating and Following Natural Language Instructions,"Hengyuan Hu, Denis Yarats, Qucheng Gong, Yuandong Tian, Mike Lewis","We explore using latent natural language instructions as an expressive and compositional representation of complex actions for hierarchical decision making. Rather than directly selecting micro-actions, our agent first generates a latent plan in natural language, which is then executed by a separate model. We introduce a challenging real-time strategy game environment in which the actions of a large number of units must be coordinated across long time scales. We gather a dataset of 76 thousand pairs of instructions and executions from human play, and train instructor and executor models. Experiments show that models using natural language as a latent variable significantly outperform models that directly imitate human actions. The compositional structure of language proves crucial to its effectiveness for action representation. We also release our code, models and data.",2019-06-03T12:28:50Z,cs.AI,https://arxiv.org/pdf/1906.00744v5,https://arxiv.org/abs/1906.00744v5
RL4health: Crowdsourcing Reinforcement Learning for Knee Replacement Pathway Optimization,"Hao Lu, Mengdi Wang","Joint replacement is the most common inpatient surgical treatment in the US. We investigate the clinical pathway optimization for knee replacement, which is a sequential decision process from onset to recovery. Based on episodic claims from previous cases, we view the pathway optimization as an intelligence crowdsourcing problem and learn the optimal decision policy from data by imitating the best expert at every intermediate state. We develop a reinforcement learning-based pipeline that uses value iteration, state compression and aggregation learning, kernel representation and cross validation to predict the best treatment policy. It also provides forecast of the clinical pathway under the optimized policy. Empirical validation shows that the optimized policy reduces the overall cost by 7 percent and reduces the excessive cost premium by 33 percent.",2019-05-24T22:12:02Z,cs.LG,https://arxiv.org/pdf/1906.01407v1,https://arxiv.org/abs/1906.01407v1
Knowledge-augmented Column Networks: Guiding Deep Learning with Advice,"Mayukh Das, Devendra Singh Dhami, Yang Yu, Gautam Kunapuli, Sriraam Natarajan","Recently, deep models have had considerable success in several tasks, especially with low-level representations. However, effective learning from sparse noisy samples is a major challenge in most deep models, especially in domains with structured representations. Inspired by the proven success of human guided machine learning, we propose Knowledge-augmented Column Networks, a relational deep learning framework that leverages human advice/knowledge to learn better models in presence of sparsity and systematic noise.",2019-05-31T21:09:21Z,cs.LG,https://arxiv.org/pdf/1906.01432v1,https://arxiv.org/abs/1906.01432v1
Options as responses: Grounding behavioural hierarchies in multi-agent RL,"Alexander Sasha Vezhnevets, Yuhuai Wu, Remi Leblond, Joel Z. Leibo","This paper investigates generalisation in multi-agent games, where the generality of the agent can be evaluated by playing against opponents it hasn't seen during training. We propose two new games with concealed information and complex, non-transitive reward structure (think rock/paper/scissors). It turns out that most current deep reinforcement learning methods fail to efficiently explore the strategy space, thus learning policies that generalise poorly to unseen opponents. We then propose a novel hierarchical agent architecture, where the hierarchy is grounded in the game-theoretic structure of the game -- the top level chooses strategic responses to opponents, while the low level implements them into policy over primitive actions. This grounding facilitates credit assignment across the levels of hierarchy. Our experiments show that the proposed hierarchical agent is capable of generalisation to unseen opponents, while conventional baselines fail to generalise whatsoever.",2019-06-04T14:18:47Z,cs.LG,https://arxiv.org/pdf/1906.01470v3,https://arxiv.org/abs/1906.01470v3
Embedded hyper-parameter tuning by Simulated Annealing,"Matteo Fischetti, Matteo Stringher","We propose a new metaheuristic training scheme that combines Stochastic Gradient Descent (SGD) and Discrete Optimization in an unconventional way. Our idea is to define a discrete neighborhood of the current SGD point containing a number of ""potentially good moves"" that exploit gradient information, and to search this neighborhood by using a classical metaheuristic scheme borrowed from Discrete Optimization.
  In the present paper we investigate the use of a simple Simulated Annealing (SA) metaheuristic that accepts/rejects a candidate new solution in the neighborhood with a probability that depends both on the new solution quality and on a parameter (the temperature) which is modified over time to lower the probability of accepting worsening moves. We use this scheme as an automatic way to perform hyper-parameter tuning, hence the title of the paper. A distinctive feature of our scheme is that hyper-parameters are modified within a single SGD execution (and not in an external loop, as customary) and evaluated on the fly on the current minibatch, i.e., their tuning is fully embedded within the SGD algorithm.
  The use of SA for training is not new, but previous proposals were mainly intended for non-differentiable objective functions for which SGD is not applied due to the lack of gradients. On the contrary, our SA method requires differentiability of (a proxy of) the loss function, and leverages on the availability of a gradient direction to define local moves that have a large probability to improve the current solution.
  Computational results on image classification (CIFAR-10) are reported, showing that the proposed approach leads to an improvement of the final validation accuracy for modern Deep Neural Networks such as ResNet34 and VGG16.",2019-06-04T15:14:36Z,cs.LG,https://arxiv.org/pdf/1906.01504v1,https://arxiv.org/abs/1906.01504v1
Privacy-preserving Crowd-guided AI Decision-making in Ethical Dilemmas,"Teng Wang, Jun Zhao, Han Yu, Jinyan Liu, Xinyu Yang, Xuebin Ren, Shuyu Shi","With the rapid development of artificial intelligence (AI), ethical issues surrounding AI have attracted increasing attention. In particular, autonomous vehicles may face moral dilemmas in accident scenarios, such as staying the course resulting in hurting pedestrians or swerving leading to hurting passengers. To investigate such ethical dilemmas, recent studies have adopted preference aggregation, in which each voter expresses her/his preferences over decisions for the possible ethical dilemma scenarios, and a centralized system aggregates these preferences to obtain the winning decision. Although a useful methodology for building ethical AI systems, such an approach can potentially violate the privacy of voters since moral preferences are sensitive information and their disclosure can be exploited by malicious parties. In this paper, we report a first-of-its-kind privacy-preserving crowd-guided AI decision-making approach in ethical dilemmas. We adopt the notion of differential privacy to quantify privacy and consider four granularities of privacy protection by taking voter-/record-level privacy protection and centralized/distributed perturbation into account, resulting in four approaches VLCP, RLCP, VLDP, and RLDP. Moreover, we propose different algorithms to achieve these privacy protection granularities, while retaining the accuracy of the learned moral preference model. Specifically, VLCP and RLCP are implemented with the data aggregator setting a universal privacy parameter and perturbing the averaged moral preference to protect the privacy of voters' data. VLDP and RLDP are implemented in such a way that each voter perturbs her/his local moral preference with a personalized privacy parameter. Extensive experiments on both synthetic and real data demonstrate that the proposed approach can achieve high accuracy of preference aggregation while protecting individual voter's privacy.",2019-06-04T16:27:47Z,cs.CR,https://arxiv.org/pdf/1906.01562v2,https://arxiv.org/abs/1906.01562v2
Fair Classification via Unconstrained Optimization,Ibrahim Alabdulmohsin,"Achieving the Bayes optimal binary classification rule subject to group fairness constraints is known to be reducible, in some cases, to learning a group-wise thresholding rule over the Bayes regressor. In this paper, we extend this result by proving that, in a broader setting, the Bayes optimal fair learning rule remains a group-wise thresholding rule over the Bayes regressor but with a (possible) randomization at the thresholds. This provides a stronger justification to the post-processing approach in fair classification, in which (1) a predictor is learned first, after which (2) its output is adjusted to remove bias. We show how the post-processing rule in this two-stage approach can be learned quite efficiently by solving an unconstrained optimization problem. The proposed algorithm can be applied to any black-box machine learning model, such as deep neural networks, random forests and support vector machines. In addition, it can accommodate many fairness criteria that have been previously proposed in the literature, such as equalized odds and statistical parity. We prove that the algorithm is Bayes consistent and motivate it, furthermore, via an impossibility result that quantifies the tradeoff between accuracy and fairness across multiple demographic groups. Finally, we conclude by validating the algorithm on the Adult benchmark dataset.",2020-05-21T11:29:05Z,cs.LG,https://arxiv.org/pdf/2005.14621v1,https://arxiv.org/abs/2005.14621v1
Unlucky Explorer: A Complete non-Overlapping Map Exploration,"Mohammad Sina Kiarostami, Saleh Khalaj Monfared, Mohammadreza Daneshvaramoli, Ali Oliayi, Negar Yousefian, Dara Rahmati, Saeid Gorgin","Nowadays, the field of Artificial Intelligence in Computer Games (AI in Games) is going to be more alluring since computer games challenge many aspects of AI with a wide range of problems, particularly general problems. One of these kinds of problems is Exploration, which states that an unknown environment must be explored by one or several agents. In this work, we have first introduced the Maze Dash puzzle as an exploration problem where the agent must find a Hamiltonian Path visiting all the cells. Then, we have investigated to find suitable methods by a focus on Monte-Carlo Tree Search (MCTS) and SAT to solve this puzzle quickly and accurately. An optimization has been applied to the proposed MCTS algorithm to obtain a promising result. Also, since the prefabricated test cases of this puzzle are not large enough to assay the proposed method, we have proposed and employed a technique to generate solvable test cases to evaluate the approaches. Eventually, the MCTS-based method has been assessed by the auto-generated test cases and compared with our implemented SAT approach that is considered a good rival. Our comparison indicates that the MCTS-based approach is an up-and-coming method that could cope with the test cases with small and medium sizes with faster run-time compared to SAT. However, for certain discussed reasons, including the features of the problem, tree search organization, and also the approach of MCTS in the Simulation step, MCTS takes more time to execute in Large size scenarios. Consequently, we have found the bottleneck for the MCTS-based method in significant test cases that could be improved in two real-world problems.",2020-05-28T17:19:24Z,cs.AI,https://arxiv.org/pdf/2005.14156v1,https://arxiv.org/abs/2005.14156v1
Algorithm Selection Framework for Cyber Attack Detection,"Marc Chalé, Nathaniel D. Bastian, Jeffery Weir","The number of cyber threats against both wired and wireless computer systems and other components of the Internet of Things continues to increase annually. In this work, an algorithm selection framework is employed on the NSL-KDD data set and a novel paradigm of machine learning taxonomy is presented. The framework uses a combination of user input and meta-features to select the best algorithm to detect cyber attacks on a network. Performance is compared between a rule-of-thumb strategy and a meta-learning strategy. The framework removes the conjecture of the common trial-and-error algorithm selection method. The framework recommends five algorithms from the taxonomy. Both strategies recommend a high-performing algorithm, though not the best performing. The work demonstrates the close connectedness between algorithm selection and the taxonomy for which it is premised.",2020-05-28T18:49:29Z,cs.CR,https://arxiv.org/pdf/2005.14230v1,https://arxiv.org/abs/2005.14230v1
Efficient AutoML Pipeline Search with Matrix and Tensor Factorization,"Chengrun Yang, Jicong Fan, Ziyang Wu, Madeleine Udell","Data scientists seeking a good supervised learning model on a new dataset have many choices to make: they must preprocess the data, select features, possibly reduce the dimension, select an estimation algorithm, and choose hyperparameters for each of these pipeline components. With new pipeline components comes a combinatorial explosion in the number of choices! In this work, we design a new AutoML system to address this challenge: an automated system to design a supervised learning pipeline. Our system uses matrix and tensor factorization as surrogate models to model the combinatorial pipeline search space. Under these models, we develop greedy experiment design protocols to efficiently gather information about a new dataset. Experiments on large corpora of real-world classification problems demonstrate the effectiveness of our approach.",2020-06-07T18:08:48Z,cs.LG,https://arxiv.org/pdf/2006.04216v1,https://arxiv.org/abs/2006.04216v1
Randomized Policy Learning for Continuous State and Action MDPs,"Hiteshi Sharma, Rahul Jain","Deep reinforcement learning methods have achieved state-of-the-art results in a variety of challenging, high-dimensional domains ranging from video games to locomotion. The key to success has been the use of deep neural networks used to approximate the policy and value function. Yet, substantial tuning of weights is required for good results. We instead use randomized function approximation. Such networks are not only cheaper than training fully connected networks but also improve the numerical performance. We present \texttt{RANDPOL}, a generalized policy iteration algorithm for MDPs with continuous state and action spaces. Both the policy and value functions are represented with randomized networks. We also give finite time guarantees on the performance of the algorithm. Then we show the numerical performance on challenging environments and compare them with deep neural network based algorithms.",2020-06-08T02:49:47Z,cs.LG,https://arxiv.org/pdf/2006.04331v2,https://arxiv.org/abs/2006.04331v2
An ASP approach for reasoning in a concept-aware multipreferential lightweight DL,"Laura Giordano, Daniele Theseider Dupré","In this paper we develop a concept aware multi-preferential semantics for dealing with typicality in description logics, where preferences are associated with concepts, starting from a collection of ranked TBoxes containing defeasible concept inclusions. Preferences are combined to define a preferential interpretation in which defeasible inclusions can be evaluated. The construction of the concept-aware multipreference semantics is related to Brewka's framework for qualitative preferences. We exploit Answer Set Programming (in particular, asprin) to achieve defeasible reasoning under the multipreference approach for the lightweight description logic EL+bot.
  The paper is under consideration for acceptance in TPLP.",2020-06-08T07:15:38Z,cs.AI,https://arxiv.org/pdf/2006.04387v2,https://arxiv.org/abs/2006.04387v2
CAST: A Correlation-based Adaptive Spectral Clustering Algorithm on Multi-scale Data,"Xiang Li, Ben Kao, Caihua Shan, Dawei Yin, Martin Ester","We study the problem of applying spectral clustering to cluster multi-scale data, which is data whose clusters are of various sizes and densities. Traditional spectral clustering techniques discover clusters by processing a similarity matrix that reflects the proximity of objects. For multi-scale data, distance-based similarity is not effective because objects of a sparse cluster could be far apart while those of a dense cluster have to be sufficiently close. Following [16], we solve the problem of spectral clustering on multi-scale data by integrating the concept of objects' ""reachability similarity"" with a given distance-based similarity to derive an objects' coefficient matrix. We propose the algorithm CAST that applies trace Lasso to regularize the coefficient matrix. We prove that the resulting coefficient matrix has the ""grouping effect"" and that it exhibits ""sparsity"". We show that these two characteristics imply very effective spectral clustering. We evaluate CAST and 10 other clustering methods on a wide range of datasets w.r.t. various measures. Experimental results show that CAST provides excellent performance and is highly robust across test cases of multi-scale data.",2020-06-08T09:46:35Z,cs.LG,https://arxiv.org/pdf/2006.04435v1,https://arxiv.org/abs/2006.04435v1
Learning under Invariable Bayesian Safety,"Gal Bahar, Omer Ben-Porat, Kevin Leyton-Brown, Moshe Tennenholtz","A recent body of work addresses safety constraints in explore-and-exploit systems. Such constraints arise where, for example, exploration is carried out by individuals whose welfare should be balanced with overall welfare. In this paper, we adopt a model inspired by recent work on a bandit-like setting for recommendations. We contribute to this line of literature by introducing a safety constraint that should be respected in every round and determines that the expected value in each round is above a given threshold. Due to our modeling, the safe explore-and-exploit policy deserves careful planning, or otherwise, it will lead to sub-optimal welfare. We devise an asymptotically optimal algorithm for the setting and analyze its instance-dependent convergence rate.",2020-06-08T12:07:59Z,cs.GT,https://arxiv.org/pdf/2006.04497v1,https://arxiv.org/abs/2006.04497v1
Policy-focused Agent-based Modeling using RL Behavioral Models,"Osonde A. Osoba, Raffaele Vardavas, Justin Grana, Rushil Zutshi, Amber Jaycocks","Agent-based Models (ABMs) are valuable tools for policy analysis. ABMs help analysts explore the emergent consequences of policy interventions in multi-agent decision-making settings. But the validity of inferences drawn from ABM explorations depends on the quality of the ABM agents' behavioral models. Standard specifications of agent behavioral models rely either on heuristic decision-making rules or on regressions trained on past data. Both prior specification modes have limitations. This paper examines the value of reinforcement learning (RL) models as adaptive, high-performing, and behaviorally-valid models of agent decision-making in ABMs. We test the hypothesis that RL agents are effective as utility-maximizing agents in policy ABMs. We also address the problem of adapting RL algorithms to handle multi-agency in games by adapting and extending methods from recent literature. We evaluate the performance of such RL-based ABM agents via experiments on two policy-relevant ABMs: a minority game ABM, and an ABM of Influenza Transmission. We run some analytic experiments on our AI-equipped ABMs e.g. explorations of the effects of behavioral heterogeneity in a population and the emergence of synchronization in a population. The experiments show that RL behavioral models are effective at producing reward-seeking or reward-maximizing behaviors in ABM agents. Furthermore, RL behavioral models can learn to outperform the default adaptive behavioral models in the two ABMs examined.",2020-06-09T04:55:07Z,cs.LG,https://arxiv.org/pdf/2006.05048v3,https://arxiv.org/abs/2006.05048v3
Supervised Whole DAG Causal Discovery,"Hebi Li, Qi Xiao, Jin Tian","We propose to address the task of causal structure learning from data in a supervised manner. Existing work on learning causal directions by supervised learning is restricted to learning pairwise relation, and not well suited for whole DAG discovery. We propose a novel approach of modeling the whole DAG structure discovery as a supervised learning. To fit the problem in hand, we propose to use permutation equivariant models that align well with the problem domain. We evaluate the proposed approach extensively on synthetic graphs of size 10,20,50,100 and real data, and show promising results compared with a variety of previous approaches.",2020-06-08T15:53:20Z,cs.LG,https://arxiv.org/pdf/2006.04697v1,https://arxiv.org/abs/2006.04697v1
CycleGT: Unsupervised Graph-to-Text and Text-to-Graph Generation via Cycle Training,"Qipeng Guo, Zhijing Jin, Xipeng Qiu, Weinan Zhang, David Wipf, Zheng Zhang","Two important tasks at the intersection of knowledge graphs and natural language processing are graph-to-text (G2T) and text-to-graph (T2G) conversion. Due to the difficulty and high cost of data collection, the supervised data available in the two fields are usually on the magnitude of tens of thousands, for example, 18K in the WebNLG~2017 dataset after preprocessing, which is far fewer than the millions of data for other tasks such as machine translation. Consequently, deep learning models for G2T and T2G suffer largely from scarce training data. We present CycleGT, an unsupervised training method that can bootstrap from fully non-parallel graph and text data, and iteratively back translate between the two forms. Experiments on WebNLG datasets show that our unsupervised model trained on the same number of data achieves performance on par with several fully supervised models. Further experiments on the non-parallel GenWiki dataset verify that our method performs the best among unsupervised baselines. This validates our framework as an effective approach to overcome the data scarcity problem in the fields of G2T and T2G. Our code is available at https://github.com/QipengGuo/CycleGT.",2020-06-08T15:59:00Z,cs.CL,https://arxiv.org/pdf/2006.04702v3,https://arxiv.org/abs/2006.04702v3
Principles to Practices for Responsible AI: Closing the Gap,"Daniel Schiff, Bogdana Rakova, Aladdin Ayesh, Anat Fanti, Michael Lennon","Companies have considered adoption of various high-level artificial intelligence (AI) principles for responsible AI, but there is less clarity on how to implement these principles as organizational practices. This paper reviews the principles-to-practices gap. We outline five explanations for this gap ranging from a disciplinary divide to an overabundance of tools. In turn, we argue that an impact assessment framework which is broad, operationalizable, flexible, iterative, guided, and participatory is a promising approach to close the principles-to-practices gap. Finally, to help practitioners with applying these recommendations, we review a case study of AI's use in forest ecosystem restoration, demonstrating how an impact assessment framework can translate into effective and responsible AI practices.",2020-06-08T16:04:44Z,cs.CY,https://arxiv.org/pdf/2006.04707v1,https://arxiv.org/abs/2006.04707v1
Mathematical Reasoning via Self-supervised Skip-tree Training,"Markus N. Rabe, Dennis Lee, Kshitij Bansal, Christian Szegedy","We examine whether self-supervised language modeling applied to mathematical formulas enables logical reasoning. We suggest several logical reasoning tasks that can be used to evaluate language models trained on formal mathematical statements, such as type inference, suggesting missing assumptions and completing equalities. To train language models for formal mathematics, we propose a novel skip-tree task. We find that models trained on the skip-tree task show surprisingly strong mathematical reasoning abilities, and outperform models trained on standard skip-sequence tasks. We also analyze the models' ability to formulate new conjectures by measuring how often the predictions are provable and useful in other proofs.",2020-06-08T17:12:08Z,cs.LG,https://arxiv.org/pdf/2006.04757v3,https://arxiv.org/abs/2006.04757v3
Reinforcement Learning for Multi-Product Multi-Node Inventory Management in Supply Chains,"Nazneen N Sultana, Hardik Meisheri, Vinita Baniwal, Somjit Nath, Balaraman Ravindran, Harshad Khadilkar","This paper describes the application of reinforcement learning (RL) to multi-product inventory management in supply chains. The problem description and solution are both adapted from a real-world business solution. The novelty of this problem with respect to supply chain literature is (i) we consider concurrent inventory management of a large number (50 to 1000) of products with shared capacity, (ii) we consider a multi-node supply chain consisting of a warehouse which supplies three stores, (iii) the warehouse, stores, and transportation from warehouse to stores have finite capacities, (iv) warehouse and store replenishment happen at different time scales and with realistic time lags, and (v) demand for products at the stores is stochastic. We describe a novel formulation in a multi-agent (hierarchical) reinforcement learning framework that can be used for parallelised decision-making, and use the advantage actor critic (A2C) algorithm with quantised action spaces to solve the problem. Experiments show that the proposed approach is able to handle a multi-objective reward comprised of maximising product sales and minimising wastage of perishable products.",2020-06-07T04:02:59Z,cs.LG,https://arxiv.org/pdf/2006.04037v1,https://arxiv.org/abs/2006.04037v1
An Empirical Meta-analysis of the Life Sciences (Linked?) Open Data on the Web,"Maulik R. Kamdar, Mark A. Musen","While the biomedical community has published several ""open data"" sources in the last decade, most researchers still endure severe logistical and technical challenges to discover, query, and integrate heterogeneous data and knowledge from multiple sources. To tackle these challenges, the community has experimented with Semantic Web and linked data technologies to create the Life Sciences Linked Open Data (LSLOD) cloud. In this paper, we extract schemas from more than 80 publicly available biomedical linked data graphs into an LSLOD schema graph and conduct an empirical meta-analysis to evaluate the extent of semantic heterogeneity across the LSLOD cloud. We observe that several LSLOD sources exist as stand-alone data sources that are not inter-linked with other sources, use unpublished schemas with minimal reuse or mappings, and have elements that are not useful for data integration from a biomedical perspective. We envision that the LSLOD schema graph and the findings from this research will aid researchers who wish to query and integrate data and knowledge from multiple biomedical sources simultaneously on the Web.",2020-06-07T14:26:32Z,cs.AI,https://arxiv.org/pdf/2006.04161v1,https://arxiv.org/abs/2006.04161v1
DeepFair: Deep Learning for Improving Fairness in Recommender Systems,"Jesús Bobadilla, Raúl Lara-Cabrera, Ángel González-Prieto, Fernando Ortega","The lack of bias management in Recommender Systems leads to minority groups receiving unfair recommendations. Moreover, the trade-off between equity and precision makes it difficult to obtain recommendations that meet both criteria. Here we propose a Deep Learning based Collaborative Filtering algorithm that provides recommendations with an optimum balance between fairness and accuracy without knowing demographic information about the users. Experimental results show that it is possible to make fair recommendations without losing a significant proportion of accuracy.",2020-06-09T13:39:38Z,cs.LG,https://arxiv.org/pdf/2006.05255v1,https://arxiv.org/abs/2006.05255v1
Towards United Reasoning for Automatic Induction in Isabelle/HOL,Yutaka Nagashima,"Inductive theorem proving is an important long-standing challenge in computer science. In this extended abstract, we first summarize the recent developments of proof by induction for Isabelle/HOL. Then, we propose united reasoning, a novel approach to further automating inductive theorem proving. Upon success, united reasoning takes the best of three schools of reasoning: deductive reasoning, inductive reasoning, and inductive reasoning, to prove difficult inductive problems automatically.",2020-05-25T08:30:05Z,cs.AI,https://arxiv.org/pdf/2005.12737v1,https://arxiv.org/abs/2005.12737v1
BHN: A Brain-like Heterogeneous Network,Tao Liu,"The human brain works in an unsupervised way, and more than one brain region is essential for lighting up intelligence. Inspired by this, we propose a brain-like heterogeneous network (BHN), which can cooperatively learn a lot of distributed representations and one global attention representation. By optimizing distributed, self-supervised, and gradient-isolated objective functions in a minimax fashion, our model improves its representations, which are generated from patches of pictures or frames of videos in experiments.",2020-05-26T16:02:38Z,cs.NE,https://arxiv.org/pdf/2005.12826v2,https://arxiv.org/abs/2005.12826v2
Applying Evolutionary Metaheuristics for Parameter Estimation of Individual-Based Models,"Antonio Prestes García, Alfonso Rodríguez-Patón","Individual-based models are complex and they have usually an elevated number of input parameters which must be tuned for reproducing the observed population data or the experimental results as accurately as possible. Thus, one of the weakest points of this modelling approach lies on the fact that rarely the modeler has the enough information about the correct values or even the acceptable range for the input parameters. Consequently, several parameter combinations must be tried to find an acceptable set of input factors minimizing the deviations of simulated and the reference dataset. In practice, most of times, it is computationally unfeasible to traverse the complete search space trying all every possible combination to find the best of set of parameters. That is precisely an instance of a combinatorial problem which is suitable for being solved by metaheuristics and evolutionary computation techniques. In this work, we introduce EvoPER, an R package for simplifying the parameter estimation using evolutionary computation methods.",2020-05-24T07:48:27Z,cs.NE,https://arxiv.org/pdf/2005.12841v1,https://arxiv.org/abs/2005.12841v1
GoChat: Goal-oriented Chatbots with Hierarchical Reinforcement Learning,"Jianfeng Liu, Feiyang Pan, Ling Luo","A chatbot that converses like a human should be goal-oriented (i.e., be purposeful in conversation), which is beyond language generation. However, existing dialogue systems often heavily rely on cumbersome hand-crafted rules or costly labelled datasets to reach the goals. In this paper, we propose Goal-oriented Chatbots (GoChat), a framework for end-to-end training chatbots to maximize the longterm return from offline multi-turn dialogue datasets. Our framework utilizes hierarchical reinforcement learning (HRL), where the high-level policy guides the conversation towards the final goal by determining some sub-goals, and the low-level policy fulfills the sub-goals by generating the corresponding utterance for response. In our experiments on a real-world dialogue dataset for anti-fraud in financial, our approach outperforms previous methods on both the quality of response generation as well as the success rate of accomplishing the goal.",2020-05-24T12:14:19Z,cs.CL,https://arxiv.org/pdf/2005.11729v2,https://arxiv.org/abs/2005.11729v2
"Breiman's ""Two Cultures"" Revisited and Reconciled","Subhadeep, Mukhopadhyay, Kaijun Wang","In a landmark paper published in 2001, Leo Breiman described the tense standoff between two cultures of data modeling: parametric statistical and algorithmic machine learning. The cultural division between these two statistical learning frameworks has been growing at a steady pace in recent years. What is the way forward? It has become blatantly obvious that this widening gap between ""the two cultures"" cannot be averted unless we find a way to blend them into a coherent whole. This article presents a solution by establishing a link between the two cultures. Through examples, we describe the challenges and potential gains of this new integrated statistical thinking.",2020-05-27T19:02:56Z,stat.ML,https://arxiv.org/pdf/2005.13596v1,https://arxiv.org/abs/2005.13596v1
Opportunistic Multi-aspect Fairness through Personalized Re-ranking,"Nasim Sonboli, Farzad Eskandanian, Robin Burke, Weiwen Liu, Bamshad Mobasher","As recommender systems have become more widespread and moved into areas with greater social impact, such as employment and housing, researchers have begun to seek ways to ensure fairness in the results that such systems produce. This work has primarily focused on developing recommendation approaches in which fairness metrics are jointly optimized along with recommendation accuracy. However, the previous work had largely ignored how individual preferences may limit the ability of an algorithm to produce fair recommendations. Furthermore, with few exceptions, researchers have only considered scenarios in which fairness is measured relative to a single sensitive feature or attribute (such as race or gender). In this paper, we present a re-ranking approach to fairness-aware recommendation that learns individual preferences across multiple fairness dimensions and uses them to enhance provider fairness in recommendation results. Specifically, we show that our opportunistic and metric-agnostic approach achieves a better trade-off between accuracy and fairness than prior re-ranking approaches and does so across multiple fairness dimensions.",2020-05-21T04:25:20Z,cs.IR,https://arxiv.org/pdf/2005.12974v1,https://arxiv.org/abs/2005.12974v1
Learning LWF Chain Graphs: an Order Independent Algorithm,"Mohammad Ali Javidian, Marco Valtorta, Pooyan Jamshidi","LWF chain graphs combine directed acyclic graphs and undirected graphs. We present a PC-like algorithm that finds the structure of chain graphs under the faithfulness assumption to resolve the problem of scalability of the proposed algorithm by Studeny (1997). We prove that our PC-like algorithm is order dependent, in the sense that the output can depend on the order in which the variables are given. This order dependence can be very pronounced in high-dimensional settings. We propose two modifications of the PC-like algorithm that remove part or all of this order dependence. Simulation results under a variety of settings demonstrate the competitive performance of the PC-like algorithms in comparison with the decomposition-based method, called LCD algorithm, proposed by Ma et al. (2008) in low-dimensional settings and improved performance in high-dimensional settings.",2020-05-27T01:05:49Z,cs.AI,https://arxiv.org/pdf/2005.14037v1,https://arxiv.org/abs/2005.14037v1
Chat as Expected: Learning to Manipulate Black-box Neural Dialogue Models,"Haochen Liu, Zhiwei Wang, Tyler Derr, Jiliang Tang","Recently, neural network based dialogue systems have become ubiquitous in our increasingly digitalized society. However, due to their inherent opaqueness, some recently raised concerns about using neural models are starting to be taken seriously. In fact, intentional or unintentional behaviors could lead to a dialogue system to generate inappropriate responses. Thus, in this paper, we investigate whether we can learn to craft input sentences that result in a black-box neural dialogue model being manipulated into having its outputs contain target words or match target sentences. We propose a reinforcement learning based model that can generate such desired inputs automatically. Extensive experiments on a popular well-trained state-of-the-art neural dialogue model show that our method can successfully seek out desired inputs that lead to the target outputs in a considerable portion of cases. Consequently, our work reveals the potential of neural dialogue models to be manipulated, which inspires and opens the door towards developing strategies to defend them.",2020-05-27T05:34:12Z,cs.CL,https://arxiv.org/pdf/2005.13170v1,https://arxiv.org/abs/2005.13170v1
Beware the evolving 'intelligent' web service! An integration architecture tactic to guard AI-first components,"Alex Cummaudo, Scott Barnett, Rajesh Vasa, John Grundy, Mohamed Abdelrazek","Intelligent services provide the power of AI to developers via simple RESTful API endpoints, abstracting away many complexities of machine learning. However, most of these intelligent services-such as computer vision-continually learn with time. When the internals within the abstracted 'black box' become hidden and evolve, pitfalls emerge in the robustness of applications that depend on these evolving services. Without adapting the way developers plan and construct projects reliant on intelligent services, significant gaps and risks result in both project planning and development. Therefore, how can software engineers best mitigate software evolution risk moving forward, thereby ensuring that their own applications maintain quality? Our proposal is an architectural tactic designed to improve intelligent service-dependent software robustness. The tactic involves creating an application-specific benchmark dataset baselined against an intelligent service, enabling evolutionary behaviour changes to be mitigated. A technical evaluation of our implementation of this architecture demonstrates how the tactic can identify 1,054 cases of substantial confidence evolution and 2,461 cases of substantial changes to response label sets using a dataset consisting of 331 images that evolve when sent to a service.",2020-05-27T06:15:18Z,cs.SE,https://arxiv.org/pdf/2005.13186v1,https://arxiv.org/abs/2005.13186v1
From Probability to Consilience: How Explanatory Values Implement Bayesian Reasoning,"Zachary Wojtowicz, Simon DeDeo","Recent work in cognitive science has uncovered a diversity of explanatory values, or dimensions along which we judge explanations as better or worse. We propose a Bayesian account of how these values fit together to guide explanation. The resulting taxonomy provides a set of predictors for which explanations people prefer and shows how core values from psychology, statistics, and the philosophy of science emerge from a common mathematical framework. In addition to operationalizing the explanatory virtues associated with, for example, scientific argument-making, this framework also enables us to reinterpret the explanatory vices that drive conspiracy theories, delusions, and extremist ideologies.",2020-06-03T16:11:45Z,q-bio.NC,https://arxiv.org/pdf/2006.02359v1,https://arxiv.org/abs/2006.02359v1
Fairness-Aware Explainable Recommendation over Knowledge Graphs,"Zuohui Fu, Yikun Xian, Ruoyuan Gao, Jieyu Zhao, Qiaoying Huang, Yingqiang Ge, Shuyuan Xu, Shijie Geng, Chirag Shah, Yongfeng Zhang, Gerard de Melo","There has been growing attention on fairness considerations recently, especially in the context of intelligent decision making systems. Explainable recommendation systems, in particular, may suffer from both explanation bias and performance disparity. In this paper, we analyze different groups of users according to their level of activity, and find that bias exists in recommendation performance between different groups. We show that inactive users may be more susceptible to receiving unsatisfactory recommendations, due to insufficient training data for the inactive users, and that their recommendations may be biased by the training records of more active users, due to the nature of collaborative filtering, which leads to an unfair treatment by the system. We propose a fairness constrained approach via heuristic re-ranking to mitigate this unfairness problem in the context of explainable recommendation over knowledge graphs. We experiment on several real-world datasets with state-of-the-art knowledge graph-based explainable recommendation algorithms. The promising results show that our algorithm is not only able to provide high-quality explainable recommendations, but also reduces the recommendation unfairness in several respects.",2020-06-03T05:04:38Z,cs.IR,https://arxiv.org/pdf/2006.02046v2,https://arxiv.org/abs/2006.02046v2
An ExpTime Upper Bound for $\mathcal{ALC}$ with Integers (Extended Version),"Nadia Labai, Magdalena Ortiz, Mantas Šimkus","Concrete domains, especially those that allow to compare features with numeric values, have long been recognized as a very desirable extension of description logics (DLs), and significant efforts have been invested into adding them to usual DLs while keeping the complexity of reasoning in check. For expressive DLs and in the presence of general TBoxes, for standard reasoning tasks like consistency, the most general decidability results are for the so-called $ω$-admissible domains, which are required to be dense. Supporting non-dense domains for features that range over integers or natural numbers remained largely open, despite often being singled out as a highly desirable extension. The decidability of some extensions of $\mathcal{ALC}$ with non-dense domains has been shown, but existing results rely on powerful machinery that does not allow to infer any elementary bounds on the complexity of the problem. In this paper, we study an extension of $\mathcal{ALC}$ with a rich integer domain that allows for comparisons (between features, and between features and constants coded in unary), and prove that consistency can be solved using automata-theoretic techniques in single exponential time, and thus has no higher worst-case complexity than standard $\mathcal{ALC}$. Our upper bounds apply to some extensions of DLs with concrete domains known from the literature, support general TBoxes, and allow for comparing values along paths of ordinary (not necessarily functional) roles.",2020-06-03T07:28:39Z,cs.AI,https://arxiv.org/pdf/2006.02078v1,https://arxiv.org/abs/2006.02078v1
A Mixed Initiative Semantic Web Framework for Process Composition,"Jinghai Rao, Dimitar Dimitrov, Paul Hofmann, Norman Sadeh","Semantic Web technologies offer the prospect of significantly reducing the amount of effort required to integrate existing enterprise functionality in support of new composite processes; whether within a given organization or across multiple ones. A significant body of work in this area has aimed to fully automate this process, while assuming that all functionality has already been encapsulated in the form of semantic web services with rich and accurate annotations. In this article, we argue that this assumption is often unrealistic. Instead, we describe a mixed initiative framework for semantic web service discovery and composition that aims at flexibly interleaving human decision making and automated functionality in environments where annotations may be incomplete and even inconsistent.",2020-06-03T11:02:31Z,cs.SE,https://arxiv.org/pdf/2006.02168v1,https://arxiv.org/abs/2006.02168v1
A novel approach for multi-agent cooperative pursuit to capture grouped evaders,"Muhammad Zuhair Qadir, Songhao Piao, Haiyang Jiang, Mohammed El Habib Souidi","An approach of mobile multi-agent pursuit based on application of self-organizing feature map (SOFM) and along with that reinforcement learning based on agent group role membership function (AGRMF) model is proposed. This method promotes dynamic organization of the pursuers' groups and also makes pursuers' group evader according to their desire based on SOFM and AGRMF techniques. This helps to overcome the shortcomings of the pursuers that they cannot fully reorganize when the goal is too independent in process of AGRMF models operation. Besides, we also discuss a new reward function. After the formation of the group, reinforcement learning is applied to get the optimal solution for each agent. The results of each step in capturing process will finally affect the AGR membership function to speed up the convergence of the competitive neural network. The experiments result shows that this approach is more effective for the mobile agents to capture evaders.",2020-06-01T15:39:58Z,cs.AI,https://arxiv.org/pdf/2006.01022v2,https://arxiv.org/abs/2006.01022v2
Invariant Policy Optimization: Towards Stronger Generalization in Reinforcement Learning,"Anoopkumar Sonar, Vincent Pacelli, Anirudha Majumdar","A fundamental challenge in reinforcement learning is to learn policies that generalize beyond the operating domains experienced during training. In this paper, we approach this challenge through the following invariance principle: an agent must find a representation such that there exists an action-predictor built on top of this representation that is simultaneously optimal across all training domains. Intuitively, the resulting invariant policy enhances generalization by finding causes of successful actions. We propose a novel learning algorithm, Invariant Policy Optimization (IPO), that implements this principle and learns an invariant policy during training. We compare our approach with standard policy gradient methods and demonstrate significant improvements in generalization performance on unseen domains for linear quadratic regulator and grid-world problems, and an example where a robot must learn to open doors with varying physical properties.",2020-06-01T17:28:19Z,cs.LG,https://arxiv.org/pdf/2006.01096v3,https://arxiv.org/abs/2006.01096v3
Revisiting Bounded-Suboptimal Safe Interval Path Planning,"Konstantin Yakovlev, Anton Andreychuk, Roni Stern","Safe-interval path planning (SIPP) is a powerful algorithm for finding a path in the presence of dynamic obstacles. SIPP returns provably optimal solutions. However, in many practical applications of SIPP such as path planning for robots, one would like to trade-off optimality for shorter planning time. In this paper we explore different ways to build a bounded-suboptimal SIPP and discuss their pros and cons. We compare the different bounded-suboptimal versions of SIPP experimentally. While there is no universal winner, the results provide insights into when each method should be used.",2020-06-01T18:42:52Z,cs.AI,https://arxiv.org/pdf/2006.01195v1,https://arxiv.org/abs/2006.01195v1
Coordinating Multiagent Industrial Symbiosis,"Vahid Yazdanpanah, Devrim Murat Yazan, W. Henk M. Zijm","We present a formal multiagent framework for coordinating a class of collaborative industrial practices called Industrial Symbiotic Networks (ISNs) as cooperative games. The game-theoretic formulation of ISNs enables systematic reasoning about what we call the ISN implementation problem. Specifically, the characteristics of ISNs may lead to the inapplicability of standard fair and stable benefit allocation methods. Inspired by realistic ISN scenarios and following the literature on normative multiagent systems, we consider regulations and normative socio-economic policies as coordination instruments that in combination with ISN games resolve the situation. In this multiagent system, employing Marginal Contribution Nets (MC-Nets) as rule-based cooperative game representations foster the combination of regulations and ISN games with no loss in expressiveness. We develop algorithmic methods for generating regulations that ensure the implementability of ISNs and as a policy support, present the policy requirements that guarantee the implementability of all the desired ISNs in a balanced-budget way.",2020-06-02T17:05:43Z,cs.MA,https://arxiv.org/pdf/2006.01784v1,https://arxiv.org/abs/2006.01784v1
Should artificial agents ask for help in human-robot collaborative problem-solving?,"Adrien Bennetot, Vicky Charisi, Natalia Díaz-Rodríguez","Transferring as fast as possible the functioning of our brain to artificial intelligence is an ambitious goal that would help advance the state of the art in AI and robotics. It is in this perspective that we propose to start from hypotheses derived from an empirical study in a human-robot interaction and to verify if they are validated in the same way for children as for a basic reinforcement learning algorithm. Thus, we check whether receiving help from an expert when solving a simple close-ended task (the Towers of Hanoï) allows to accelerate or not the learning of this task, depending on whether the intervention is canonical or requested by the player. Our experiences have allowed us to conclude that, whether requested or not, a Q-learning algorithm benefits in the same way from expert help as children do.",2020-05-25T09:15:30Z,cs.LG,https://arxiv.org/pdf/2006.00882v1,https://arxiv.org/abs/2006.00882v1
Towards Ranking-based Semantics for Abstract Argumentation using Conditional Logic Semantics,"Kenneth Skiba, Matthias Thimm","We propose a novel ranking-based semantics for Dung-style argumentation frameworks with the help of conditional logics. Using an intuitive translation for an argumentation framework to generate conditionals, we can apply nonmonotonic inference systems to generate a ranking on possible worlds. With this ranking we construct a ranking for our arguments. With a small extension to this ranking-based semantics we already satisfy some desirable properties for a ranking over arguments.",2020-08-05T08:34:16Z,cs.AI,https://arxiv.org/pdf/2008.02735v1,https://arxiv.org/abs/2008.02735v1
EasyRL: A Simple and Extensible Reinforcement Learning Framework,"Neil Hulbert, Sam Spillers, Brandon Francis, James Haines-Temons, Ken Gil Romero, Benjamin De Jager, Sam Wong, Kevin Flora, Bowei Huang, Athirai A. Irissappane","In recent years, Reinforcement Learning (RL), has become a popular field of study as well as a tool for enterprises working on cutting-edge artificial intelligence research. To this end, many researchers have built RL frameworks such as openAI Gym and KerasRL for ease of use. While these works have made great strides towards bringing down the barrier of entry for those new to RL, we propose a much simpler framework called EasyRL, by providing an interactive graphical user interface for users to train and evaluate RL agents. As it is entirely graphical, EasyRL does not require programming knowledge for training and testing simple built-in RL agents. EasyRL also supports custom RL agents and environments, which can be highly beneficial for RL researchers in evaluating and comparing their RL models.",2020-08-04T17:02:56Z,cs.AI,https://arxiv.org/pdf/2008.01700v2,https://arxiv.org/abs/2008.01700v2
The Emergence of Adversarial Communication in Multi-Agent Reinforcement Learning,"Jan Blumenkamp, Amanda Prorok","Many real-world problems require the coordination of multiple autonomous agents. Recent work has shown the promise of Graph Neural Networks (GNNs) to learn explicit communication strategies that enable complex multi-agent coordination. These works use models of cooperative multi-agent systems whereby agents strive to achieve a shared global goal. When considering agents with self-interested local objectives, the standard design choice is to model these as separate learning systems (albeit sharing the same environment). Such a design choice, however, precludes the existence of a single, differentiable communication channel, and consequently prohibits the learning of inter-agent communication strategies. In this work, we address this gap by presenting a learning model that accommodates individual non-shared rewards and a differentiable communication channel that is common among all agents. We focus on the case where agents have self-interested objectives, and develop a learning algorithm that elicits the emergence of adversarial communications. We perform experiments on multi-agent coverage and path planning problems, and employ a post-hoc interpretability technique to visualize the messages that agents communicate to each other. We show how a single self-interested agent is capable of learning highly manipulative communication strategies that allows it to significantly outperform a cooperative team of agents.",2020-08-06T12:48:08Z,cs.RO,https://arxiv.org/pdf/2008.02616v2,https://arxiv.org/abs/2008.02616v2
Deep Reinforcement Learning for Tactile Robotics: Learning to Type on a Braille Keyboard,"Alex Church, John Lloyd, Raia Hadsell, Nathan F. Lepora","Artificial touch would seem well-suited for Reinforcement Learning (RL), since both paradigms rely on interaction with an environment. Here we propose a new environment and set of tasks to encourage development of tactile reinforcement learning: learning to type on a braille keyboard. Four tasks are proposed, progressing in difficulty from arrow to alphabet keys and from discrete to continuous actions. A simulated counterpart is also constructed by sampling tactile data from the physical environment. Using state-of-the-art deep RL algorithms, we show that all of these tasks can be successfully learnt in simulation, and 3 out of 4 tasks can be learned on the real robot. A lack of sample efficiency currently makes the continuous alphabet task impractical on the robot. To the best of our knowledge, this work presents the first demonstration of successfully training deep RL agents in the real world using observations that exclusively consist of tactile images. To aid future research utilising this environment, the code for this project has been released along with designs of the braille keycaps for 3D printing and a guide for recreating the experiments. A brief video summary is also available at https://youtu.be/eNylCA2uE_E.",2020-08-06T13:29:05Z,cs.RO,https://arxiv.org/pdf/2008.02646v1,https://arxiv.org/abs/2008.02646v1
eclingo: A solver for Epistemic Logic Programs,"Pedro Cabalar, Jorge Fandinno, Javier Garea, Javier Romero, Torsten Schaub","We describe eclingo, a solver for epistemic logic programs under Gelfond 1991 semantics built upon the Answer Set Programming system clingo. The input language of eclingo uses the syntax extension capabilities of clingo to define subjective literals that, as usual in epistemic logic programs, allow for checking the truth of a regular literal in all or in some of the answer sets of a program. The eclingo solving process follows a guess and check strategy. It first generates potential truth values for subjective literals and, in a second step, it checks the obtained result with respect to the cautious and brave consequences of the program. This process is implemented using the multi-shot functionalities of clingo. We have also implemented some optimisations, aiming at reducing the search space and, therefore, increasing eclingo's efficiency in some scenarios. Finally, we compare the efficiency of eclingo with two state-of-the-art solvers for epistemic logic programs on a pair of benchmark scenarios and show that eclingo generally outperforms their obtained results. Under consideration for acceptance in TPLP.",2020-08-05T09:32:05Z,cs.LO,https://arxiv.org/pdf/2008.02018v1,https://arxiv.org/abs/2008.02018v1
Axiom-based Grad-CAM: Towards Accurate Visualization and Explanation of CNNs,"Ruigang Fu, Qingyong Hu, Xiaohu Dong, Yulan Guo, Yinghui Gao, Biao Li","To have a better understanding and usage of Convolution Neural Networks (CNNs), the visualization and interpretation of CNNs has attracted increasing attention in recent years. In particular, several Class Activation Mapping (CAM) methods have been proposed to discover the connection between CNN's decision and image regions. In spite of the reasonable visualization, lack of clear and sufficient theoretical support is the main limitation of these methods. In this paper, we introduce two axioms -- Conservation and Sensitivity -- to the visualization paradigm of the CAM methods. Meanwhile, a dedicated Axiom-based Grad-CAM (XGrad-CAM) is proposed to satisfy these axioms as much as possible. Experiments demonstrate that XGrad-CAM is an enhanced version of Grad-CAM in terms of conservation and sensitivity. It is able to achieve better visualization performance than Grad-CAM, while also be class-discriminative and easy-to-implement compared with Grad-CAM++ and Ablation-CAM. The code is available at https://github.com/Fu0511/XGrad-CAM.",2020-08-05T18:42:33Z,cs.CV,https://arxiv.org/pdf/2008.02312v4,https://arxiv.org/abs/2008.02312v4
COVID-19 in differential diagnosis of online symptom assessments,"Anitha Kannan, Richard Chen, Vignesh Venkataraman, Geoffrey J. Tso, Xavier Amatriain","The COVID-19 pandemic has magnified an already existing trend of people looking for healthcare solutions online. One class of solutions are symptom checkers, which have become very popular in the context of COVID-19. Traditional symptom checkers, however, are based on manually curated expert systems that are inflexible and hard to modify, especially in a quickly changing situation like the one we are facing today. That is why all COVID-19 existing solutions are manual symptom checkers that can only estimate the probability of this disease and cannot contemplate alternative hypothesis or come up with a differential diagnosis. While machine learning offers an alternative, the lack of reliable data does not make it easy to apply to COVID-19 either. In this paper we present an approach that combines the strengths of traditional AI expert systems and novel deep learning models. In doing so we can leverage prior knowledge as well as any amount of existing data to quickly derive models that best adapt to the current state of the world and latest scientific knowledge. We use the approach to train a COVID-19 aware differential diagnosis model that can be used for medical decision support both for doctors or patients. We show that our approach is able to accurately model new incoming data about COVID-19 while still preserving accuracy on conditions that had been modeled in the past. While our approach shows evident and clear advantages for an extreme situation like the one we are currently facing, we also show that its flexibility generalizes beyond this concrete, but very important, example.",2020-08-07T18:10:42Z,cs.AI,https://arxiv.org/pdf/2008.03323v3,https://arxiv.org/abs/2008.03323v3
Wikidata Constraints on MARS (Extended Technical Report),"David L. Martin, Peter F. Patel-Schneider","Wikidata constraints, albeit useful, are represented and processed in an incomplete, ad hoc fashion. Constraint declarations do not fully express their meaning, and thus do not provide a precise, unambiguous basis for constraint specification, or a logical foundation for constraint-checking implementations. In prior work we have proposed a logical framework for Wikidata as a whole, based on multi-attributed relational structures (MARS) and related logical languages. In this paper we explain how constraints are handled in the proposed framework, and show that nearly all of Wikidata's existing property constraints can be completely characterized in it, in a natural and economical fashion. We also give characterizations for several proposed property constraints, and show that a variety of non-property constraints can be handled in the same framework.",2020-08-10T04:49:02Z,cs.AI,https://arxiv.org/pdf/2008.03900v2,https://arxiv.org/abs/2008.03900v2
Purely Bayesian counterfactuals versus Newcomb's paradox,Lê Nguyên Hoang,"This paper proposes a careful separation between an entity's epistemic system and their decision system. Crucially, Bayesian counterfactuals are estimated by the epistemic system; not by the decision system. Based on this remark, I prove the existence of Newcomb-like problems for which an epistemic system necessarily expects the entity to make a counterfactually bad decision. I then address (a slight generalization of) Newcomb's paradox. I solve the specific case where the player believes that the predictor applies Bayes rule with a supset of all the data available to the player. I prove that the counterfactual optimality of the 1-Box strategy depends on the player's prior on the predictor's additional data. If these additional data are not expected to reduce sufficiently the predictor's uncertainty on the player's decision, then the player's epistemic system will counterfactually prefer to 2-Box. But if the predictor's data is believed to make them quasi-omniscient, then 1-Box will be counterfactually preferred. Implications of the analysis are then discussed. More generally, I argue that, to better understand or design an entity, it is useful to clearly separate the entity's epistemic, decision, but also data collection, reward and maintenance systems, whether the entity is human, algorithmic or institutional.",2020-08-10T16:56:48Z,econ.TH,https://arxiv.org/pdf/2008.04256v1,https://arxiv.org/abs/2008.04256v1
Fault-Tolerant Control of Degrading Systems with On-Policy Reinforcement Learning,"Ibrahim Ahmed, Marcos Quiñones-Grueiro, Gautam Biswas","We propose a novel adaptive reinforcement learning control approach for fault tolerant control of degrading systems that is not preceded by a fault detection and diagnosis step. Therefore, \textit{a priori} knowledge of faults that may occur in the system is not required. The adaptive scheme combines online and offline learning of the on-policy control method to improve exploration and sample efficiency, while guaranteeing stable learning. The offline learning phase is performed using a data-driven model of the system, which is frequently updated to track the system's operating conditions. We conduct experiments on an aircraft fuel transfer system to demonstrate the effectiveness of our approach.",2020-08-10T20:42:59Z,eess.SY,https://arxiv.org/pdf/2008.04407v1,https://arxiv.org/abs/2008.04407v1
SMT-based Safety Verification of Parameterised Multi-Agent Systems,"Paolo Felli, Alessandro Gianola, Marco Montali","In this paper we study the verification of parameterised multi-agent systems (MASs), and in particular the task of verifying whether unwanted states, characterised as a given state formula, are reachable in a given MAS, i.e., whether the MAS is unsafe. The MAS is parameterised and the model only describes the finite set of possible agent templates, while the actual number of concrete agent instances for each template is unbounded and cannot be foreseen. This makes the state-space infinite. As safety may of course depend on the number of agent instances in the system, the verification result must be correct irrespective of such number. We solve this problem via infinite-state model checking based on satisfiability modulo theories (SMT), relying on the theory of array-based systems: we present parameterised MASs as particular array-based systems, under two execution semantics for the MAS, which we call concurrent and interleaved. We prove our decidability results under these assumptions and illustrate our implementation approach, called SAFE: the Swarm Safety Detector, based on the third-party model checker MCMT, which we evaluate experimentally. Finally, we discuss how this approach lends itself to richer parameterised and data-aware MAS settings beyond the state-of-the-art solutions in the literature, which we leave as future work.",2020-08-11T15:24:05Z,cs.AI,https://arxiv.org/pdf/2008.04774v2,https://arxiv.org/abs/2008.04774v2
Human Robot Collaborative Assembly Planning: An Answer Set Programming Approach,"Momina Rizwan, Volkan Patoglu, Esra Erdem","For planning an assembly of a product from a given set of parts, robots necessitate certain cognitive skills: high-level planning is needed to decide the order of actuation actions, while geometric reasoning is needed to check the feasibility of these actions. For collaborative assembly tasks with humans, robots require further cognitive capabilities, such as commonsense reasoning, sensing, and communication skills, not only to cope with the uncertainty caused by incomplete knowledge about the humans' behaviors but also to ensure safer collaborations. We propose a novel method for collaborative assembly planning under uncertainty, that utilizes hybrid conditional planning extended with commonsense reasoning and a rich set of communication actions for collaborative tasks. Our method is based on answer set programming. We show the applicability of our approach in a real-world assembly domain, where a bi-manual Baxter robot collaborates with a human teammate to assemble furniture. This manuscript is under consideration for acceptance in TPLP.",2020-08-08T11:31:36Z,cs.AI,https://arxiv.org/pdf/2008.03496v1,https://arxiv.org/abs/2008.03496v1
Learning abstract structure for drawing by efficient motor program induction,"Lucas Y. Tian, Kevin Ellis, Marta Kryven, Joshua B. Tenenbaum","Humans flexibly solve new problems that differ qualitatively from those they were trained on. This ability to generalize is supported by learned concepts that capture structure common across different problems. Here we develop a naturalistic drawing task to study how humans rapidly acquire structured prior knowledge. The task requires drawing visual objects that share underlying structure, based on a set of composable geometric rules. We show that people spontaneously learn abstract drawing procedures that support generalization, and propose a model of how learners can discover these reusable drawing programs. Trained in the same setting as humans, and constrained to produce efficient motor actions, this model discovers new drawing routines that transfer to test objects and resemble learned features of human sequences. These results suggest that two principles guiding motor program induction in the model - abstraction (general programs that ignore object-specific details) and compositionality (recombining previously learned programs) - are key for explaining how humans learn structured internal representations that guide flexible reasoning and learning.",2020-08-08T13:31:14Z,cs.AI,https://arxiv.org/pdf/2008.03519v1,https://arxiv.org/abs/2008.03519v1
Distributed Deep Reinforcement Learning for Functional Split Control in Energy Harvesting Virtualized Small Cells,"Dagnachew Azene Temesgene, Marco Miozzo, Deniz Gündüz, Paolo Dini","To meet the growing quest for enhanced network capacity, mobile network operators (MNOs) are deploying dense infrastructures of small cells. This, in turn, increases the power consumption of mobile networks, thus impacting the environment. As a result, we have seen a recent trend of powering mobile networks with harvested ambient energy to achieve both environmental and cost benefits. In this paper, we consider a network of virtualized small cells (vSCs) powered by energy harvesters and equipped with rechargeable batteries, which can opportunistically offload baseband (BB) functions to a grid-connected edge server depending on their energy availability. We formulate the corresponding grid energy and traffic drop rate minimization problem, and propose a distributed deep reinforcement learning (DDRL) solution. Coordination among vSCs is enabled via the exchange of battery state information. The evaluation of the network performance in terms of grid energy consumption and traffic drop rate confirms that enabling coordination among the vSCs via knowledge exchange achieves a performance close to the optimal. Numerical results also confirm that the proposed DDRL solution provides higher network performance, better adaptation to the changing environment, and higher cost savings with respect to a tabular multi-agent reinforcement learning (MRL) solution used as a benchmark.",2020-08-07T12:27:01Z,cs.NI,https://arxiv.org/pdf/2008.04105v1,https://arxiv.org/abs/2008.04105v1
Proof-Carrying Plans: a Resource Logic for AI Planning,"Alasdair Hill, Ekaterina Komendantskaya, Ronald P. A. Petrick","Recent trends in AI verification and Explainable AI have raised the question of whether AI planning techniques can be verified. In this paper, we present a novel resource logic, the Proof Carrying Plans (PCP) logic that can be used to verify plans produced by AI planners. The PCP logic takes inspiration from existing resource logics (such as Linear logic and Separation logic) as well as Hoare logic when it comes to modelling states and resource-aware plan execution. It also capitalises on the Curry-Howard approach to logics, in its treatment of plans as functions and plan pre- and post-conditions as types. This paper presents two main results. From the theoretical perspective, we show that the PCP logic is sound relative to the standard possible world semantics used in AI planning. From the practical perspective, we present a complete Agda formalisation of the PCP logic and of its soundness proof. Moreover, we showcase the Curry-Howard, or functional, value of this implementation by supplementing it with the library that parses AI plans into Agda's proofs automatically. We provide evaluation of this library and the resulting Agda functions.",2020-08-10T14:45:52Z,cs.LO,https://arxiv.org/pdf/2008.04165v2,https://arxiv.org/abs/2008.04165v2
Risk-Sensitive Markov Decision Processes with Combined Metrics of Mean and Variance,Li Xia,"This paper investigates the optimization problem of an infinite stage discrete time Markov decision process (MDP) with a long-run average metric considering both mean and variance of rewards together. Such performance metric is important since the mean indicates average returns and the variance indicates risk or fairness. However, the variance metric couples the rewards at all stages, the traditional dynamic programming is inapplicable as the principle of time consistency fails. We study this problem from a new perspective called the sensitivity-based optimization theory. A performance difference formula is derived and it can quantify the difference of the mean-variance combined metrics of MDPs under any two different policies. The difference formula can be utilized to generate new policies with strictly improved mean-variance performance. A necessary condition of the optimal policy and the optimality of deterministic policies are derived. We further develop an iterative algorithm with a form of policy iteration, which is proved to converge to local optima both in the mixed and randomized policy space. Specially, when the mean reward is constant in policies, the algorithm is guaranteed to converge to the global optimum. Finally, we apply our approach to study the fluctuation reduction of wind power in an energy storage system, which demonstrates the potential applicability of our optimization method.",2020-08-09T10:35:35Z,math.OC,https://arxiv.org/pdf/2008.03707v1,https://arxiv.org/abs/2008.03707v1
Neural Manipulation Planning on Constraint Manifolds,"Ahmed H. Qureshi, Jiangeng Dong, Austin Choe, Michael C. Yip","The presence of task constraints imposes a significant challenge to motion planning. Despite all recent advancements, existing algorithms are still computationally expensive for most planning problems. In this paper, we present Constrained Motion Planning Networks (CoMPNet), the first neural planner for multimodal kinematic constraints. Our approach comprises the following components: i) constraint and environment perception encoders; ii) neural robot configuration generator that outputs configurations on/near the constraint manifold(s), and iii) a bidirectional planning algorithm that takes the generated configurations to create a feasible robot motion trajectory. We show that CoMPNet solves practical motion planning tasks involving both unconstrained and constrained problems. Furthermore, it generalizes to new unseen locations of the objects, i.e., not seen during training, in the given environments with high success rates. When compared to the state-of-the-art constrained motion planning algorithms, CoMPNet outperforms by order of magnitude improvement in computational speed with a significantly lower variance.",2020-08-09T18:58:10Z,cs.RO,https://arxiv.org/pdf/2008.03787v1,https://arxiv.org/abs/2008.03787v1
Metaheuristics for the operating theater planning and scheduling: A systematic review,"Amirhossein Moosavi, Onur Ozturk","There are found a vast number of papers studying the problem of operating theater planning and scheduling. Different variants of this problem are generally recognized to be NP-complete; thus, several solution approaches have been utilized in the literature to confront with these complicated problems. The lack of a thorough review of the main characteristics of solution approaches is tangible in the literature (reviewing them separately and with regards to the characteristics of studied problems), which can provide pragmatic guidelines for practitioners and future research projects. This paper aims to address this issue. Since different types of solution approaches usually have different characteristics, this paper focuses only on metaheuristic algorithms. Through both automatic and manual search methods, we have selected and reviewed 28 papers with respect to their main problem and solution approach features. Finally, some directions are introduced for future research.",2020-08-11T19:13:31Z,cs.AI,https://arxiv.org/pdf/2008.04970v1,https://arxiv.org/abs/2008.04970v1
